[
  {
    "model": "admin.logentry",
    "pk": 1,
    "fields": {
      "action_time": "2024-01-26T09:22:27.253Z",
      "user": 1,
      "content_type": 9,
      "object_id": "1",
      "object_repr": "Hoodie",
      "action_flag": 1,
      "change_message": "[{\"added\": {}}]"
    }
  },
  {
    "model": "admin.logentry",
    "pk": 2,
    "fields": {
      "action_time": "2024-01-26T09:22:36.387Z",
      "user": 1,
      "content_type": 9,
      "object_id": "2",
      "object_repr": "Coats",
      "action_flag": 1,
      "change_message": "[{\"added\": {}}]"
    }
  },
  {
    "model": "admin.logentry",
    "pk": 3,
    "fields": {
      "action_time": "2024-01-26T09:22:43.086Z",
      "user": 1,
      "content_type": 10,
      "object_id": "1",
      "object_repr": "White",
      "action_flag": 1,
      "change_message": "[{\"added\": {}}]"
    }
  },
  {
    "model": "admin.logentry",
    "pk": 4,
    "fields": {
      "action_time": "2024-01-26T09:22:46.189Z",
      "user": 1,
      "content_type": 10,
      "object_id": "2",
      "object_repr": "Gray",
      "action_flag": 1,
      "change_message": "[{\"added\": {}}]"
    }
  },
  {
    "model": "admin.logentry",
    "pk": 5,
    "fields": {
      "action_time": "2024-01-26T09:23:05.234Z",
      "user": 1,
      "content_type": 11,
      "object_id": "1",
      "object_repr": "oversize for hoddie size",
      "action_flag": 1,
      "change_message": "[{\"added\": {}}]"
    }
  },
  {
    "model": "admin.logentry",
    "pk": 6,
    "fields": {
      "action_time": "2024-01-26T09:23:12.164Z",
      "user": 1,
      "content_type": 11,
      "object_id": "2",
      "object_repr": "oversize for coat size",
      "action_flag": 1,
      "change_message": "[{\"added\": {}}]"
    }
  },
  {
    "model": "admin.logentry",
    "pk": 7,
    "fields": {
      "action_time": "2024-01-26T09:24:41.742Z",
      "user": 1,
      "content_type": 14,
      "object_id": "1",
      "object_repr": "Image object (1)",
      "action_flag": 1,
      "change_message": "[{\"added\": {}}]"
    }
  },
  {
    "model": "admin.logentry",
    "pk": 8,
    "fields": {
      "action_time": "2024-01-26T09:24:54.588Z",
      "user": 1,
      "content_type": 14,
      "object_id": "2",
      "object_repr": "Image object (2)",
      "action_flag": 1,
      "change_message": "[{\"added\": {}}]"
    }
  },
  {
    "model": "admin.logentry",
    "pk": 9,
    "fields": {
      "action_time": "2024-01-26T09:25:35.928Z",
      "user": 1,
      "content_type": 13,
      "object_id": "1",
      "object_repr": "White Hoodie White oversize",
      "action_flag": 1,
      "change_message": "[{\"added\": {}}, {\"added\": {\"name\": \"image-item relationship\", \"object\": \"Image_item object (1)\"}}, {\"added\": {\"name\": \"image-item relationship\", \"object\": \"Image_item object (2)\"}}]"
    }
  },
  {
    "model": "admin.logentry",
    "pk": 10,
    "fields": {
      "action_time": "2024-01-26T09:26:21.023Z",
      "user": 1,
      "content_type": 14,
      "object_id": "3",
      "object_repr": "Image object (3)",
      "action_flag": 1,
      "change_message": "[{\"added\": {}}]"
    }
  },
  {
    "model": "admin.logentry",
    "pk": 11,
    "fields": {
      "action_time": "2024-01-26T09:26:33.717Z",
      "user": 1,
      "content_type": 14,
      "object_id": "4",
      "object_repr": "Image object (4)",
      "action_flag": 1,
      "change_message": "[{\"added\": {}}]"
    }
  },
  {
    "model": "admin.logentry",
    "pk": 12,
    "fields": {
      "action_time": "2024-01-26T09:26:35.007Z",
      "user": 1,
      "content_type": 13,
      "object_id": "2",
      "object_repr": "Coat Gray oversize",
      "action_flag": 1,
      "change_message": "[{\"added\": {}}, {\"added\": {\"name\": \"image-item relationship\", \"object\": \"Image_item object (3)\"}}, {\"added\": {\"name\": \"image-item relationship\", \"object\": \"Image_item object (4)\"}}]"
    }
  },
  {
    "model": "admin.logentry",
    "pk": 13,
    "fields": {
      "action_time": "2024-01-26T11:44:42.215Z",
      "user": 1,
      "content_type": 9,
      "object_id": "3",
      "object_repr": "Crop Top And Shorts Sets",
      "action_flag": 1,
      "change_message": "[{\"added\": {}}]"
    }
  },
  {
    "model": "admin.logentry",
    "pk": 14,
    "fields": {
      "action_time": "2024-01-26T11:45:12.919Z",
      "user": 1,
      "content_type": 11,
      "object_id": "3",
      "object_repr": "s for crop top shorts size",
      "action_flag": 1,
      "change_message": "[{\"added\": {}}]"
    }
  },
  {
    "model": "admin.logentry",
    "pk": 15,
    "fields": {
      "action_time": "2024-01-26T11:45:17.287Z",
      "user": 1,
      "content_type": 11,
      "object_id": "4",
      "object_repr": "m for crop top shorts size",
      "action_flag": 1,
      "change_message": "[{\"added\": {}}]"
    }
  },
  {
    "model": "admin.logentry",
    "pk": 16,
    "fields": {
      "action_time": "2024-01-26T11:46:24.725Z",
      "user": 1,
      "content_type": 13,
      "object_id": "3",
      "object_repr": "test top 1 White s",
      "action_flag": 1,
      "change_message": "[{\"added\": {}}]"
    }
  },
  {
    "model": "admin.logentry",
    "pk": 17,
    "fields": {
      "action_time": "2024-01-26T11:47:52.315Z",
      "user": 1,
      "content_type": 13,
      "object_id": "4",
      "object_repr": "test top 2 Gray m",
      "action_flag": 1,
      "change_message": "[{\"added\": {}}]"
    }
  },
  {
    "model": "admin.logentry",
    "pk": 18,
    "fields": {
      "action_time": "2024-01-29T09:39:37.853Z",
      "user": 1,
      "content_type": 8,
      "object_id": "1",
      "object_repr": "admin@admin.com",
      "action_flag": 2,
      "change_message": "[{\"changed\": {\"fields\": [\"Wishlist\"]}}]"
    }
  },
  {
    "model": "admin.logentry",
    "pk": 19,
    "fields": {
      "action_time": "2024-01-29T09:39:55.519Z",
      "user": 1,
      "content_type": 8,
      "object_id": "1",
      "object_repr": "admin@admin.com",
      "action_flag": 2,
      "change_message": "[{\"changed\": {\"fields\": [\"Wishlist\"]}}]"
    }
  },
  {
    "model": "admin.logentry",
    "pk": 20,
    "fields": {
      "action_time": "2024-01-29T09:40:15.009Z",
      "user": 1,
      "content_type": 8,
      "object_id": "1",
      "object_repr": "admin@admin.com",
      "action_flag": 2,
      "change_message": "[{\"changed\": {\"fields\": [\"Wishlist\"]}}]"
    }
  },
  {
    "model": "admin.logentry",
    "pk": 21,
    "fields": {
      "action_time": "2024-01-29T09:40:49.964Z",
      "user": 1,
      "content_type": 8,
      "object_id": "1",
      "object_repr": "admin@admin.com",
      "action_flag": 2,
      "change_message": "[{\"changed\": {\"fields\": [\"Wishlist\"]}}]"
    }
  },
  {
    "model": "admin.logentry",
    "pk": 22,
    "fields": {
      "action_time": "2024-01-29T10:46:38.868Z",
      "user": 1,
      "content_type": 13,
      "object_id": "5",
      "object_repr": "test top 3 Gray s",
      "action_flag": 1,
      "change_message": "[{\"added\": {}}]"
    }
  },
  {
    "model": "admin.logentry",
    "pk": 23,
    "fields": {
      "action_time": "2024-01-29T11:12:13.594Z",
      "user": 1,
      "content_type": 15,
      "object_id": "2",
      "object_repr": "Order #2 from 2024-01-29 11:12:13.580287+00:00. Total 24600.00 usd. Status: awaiting payment",
      "action_flag": 1,
      "change_message": "[{\"added\": {}}, {\"added\": {\"name\": \"order item\", \"object\": \"White Hoodie - 2 pieces for 6600.00. Order #2\"}}, {\"added\": {\"name\": \"order item\", \"object\": \"Coat - 2 pieces for 18000.00. Order #2\"}}]"
    }
  },
  {
    "model": "admin.logentry",
    "pk": 24,
    "fields": {
      "action_time": "2024-01-29T12:49:44.179Z",
      "user": 1,
      "content_type": 13,
      "object_id": "5",
      "object_repr": "test top 3 Gray s",
      "action_flag": 3,
      "change_message": ""
    }
  },
  {
    "model": "admin.logentry",
    "pk": 25,
    "fields": {
      "action_time": "2024-01-29T12:49:44.206Z",
      "user": 1,
      "content_type": 13,
      "object_id": "4",
      "object_repr": "test top 2 Gray m",
      "action_flag": 3,
      "change_message": ""
    }
  },
  {
    "model": "admin.logentry",
    "pk": 26,
    "fields": {
      "action_time": "2024-01-29T12:49:44.207Z",
      "user": 1,
      "content_type": 13,
      "object_id": "3",
      "object_repr": "test top 1 White s",
      "action_flag": 3,
      "change_message": ""
    }
  },
  {
    "model": "admin.logentry",
    "pk": 27,
    "fields": {
      "action_time": "2024-01-29T12:49:55.174Z",
      "user": 1,
      "content_type": 13,
      "object_id": "2",
      "object_repr": "Coat Gray oversize",
      "action_flag": 3,
      "change_message": ""
    }
  },
  {
    "model": "admin.logentry",
    "pk": 28,
    "fields": {
      "action_time": "2024-01-29T12:49:55.179Z",
      "user": 1,
      "content_type": 13,
      "object_id": "1",
      "object_repr": "White Hoodie White oversize",
      "action_flag": 3,
      "change_message": ""
    }
  },
  {
    "model": "admin.logentry",
    "pk": 29,
    "fields": {
      "action_time": "2024-01-29T12:50:47.258Z",
      "user": 1,
      "content_type": 11,
      "object_id": "2",
      "object_repr": "oversize for coat size",
      "action_flag": 2,
      "change_message": "[{\"changed\": {\"fields\": [\"Length\", \"Width\"]}}]"
    }
  },
  {
    "model": "admin.logentry",
    "pk": 30,
    "fields": {
      "action_time": "2024-01-29T12:54:18.955Z",
      "user": 1,
      "content_type": 14,
      "object_id": "4",
      "object_repr": "Description: None. Uploaded at: 2024-01-26 09:26:33.708789+00:00.",
      "action_flag": 3,
      "change_message": ""
    }
  },
  {
    "model": "admin.logentry",
    "pk": 31,
    "fields": {
      "action_time": "2024-01-29T12:54:18.966Z",
      "user": 1,
      "content_type": 14,
      "object_id": "3",
      "object_repr": "Description: None. Uploaded at: 2024-01-26 09:26:21.014378+00:00.",
      "action_flag": 3,
      "change_message": ""
    }
  },
  {
    "model": "admin.logentry",
    "pk": 32,
    "fields": {
      "action_time": "2024-01-29T12:54:18.968Z",
      "user": 1,
      "content_type": 14,
      "object_id": "2",
      "object_repr": "Description: None. Uploaded at: 2024-01-26 09:24:54.578920+00:00.",
      "action_flag": 3,
      "change_message": ""
    }
  },
  {
    "model": "admin.logentry",
    "pk": 33,
    "fields": {
      "action_time": "2024-01-29T12:54:18.969Z",
      "user": 1,
      "content_type": 14,
      "object_id": "1",
      "object_repr": "Description: None. Uploaded at: 2024-01-26 09:24:41.734282+00:00.",
      "action_flag": 3,
      "change_message": ""
    }
  },
  {
    "model": "admin.logentry",
    "pk": 34,
    "fields": {
      "action_time": "2024-01-29T12:57:00.594Z",
      "user": 1,
      "content_type": 9,
      "object_id": "4",
      "object_repr": "T-Shirts",
      "action_flag": 1,
      "change_message": "[{\"added\": {}}]"
    }
  },
  {
    "model": "admin.logentry",
    "pk": 35,
    "fields": {
      "action_time": "2024-01-29T12:57:35.827Z",
      "user": 1,
      "content_type": 10,
      "object_id": "3",
      "object_repr": "Blue",
      "action_flag": 1,
      "change_message": "[{\"added\": {}}]"
    }
  },
  {
    "model": "admin.logentry",
    "pk": 36,
    "fields": {
      "action_time": "2024-01-29T12:57:52.466Z",
      "user": 1,
      "content_type": 10,
      "object_id": "4",
      "object_repr": "Beige",
      "action_flag": 1,
      "change_message": "[{\"added\": {}}]"
    }
  },
  {
    "model": "admin.logentry",
    "pk": 37,
    "fields": {
      "action_time": "2024-01-29T12:58:04.965Z",
      "user": 1,
      "content_type": 10,
      "object_id": "5",
      "object_repr": "Chocolate",
      "action_flag": 1,
      "change_message": "[{\"added\": {}}]"
    }
  },
  {
    "model": "admin.logentry",
    "pk": 38,
    "fields": {
      "action_time": "2024-01-29T12:58:25.132Z",
      "user": 1,
      "content_type": 10,
      "object_id": "6",
      "object_repr": "Black",
      "action_flag": 1,
      "change_message": "[{\"added\": {}}]"
    }
  },
  {
    "model": "admin.logentry",
    "pk": 39,
    "fields": {
      "action_time": "2024-01-29T12:58:53.731Z",
      "user": 1,
      "content_type": 10,
      "object_id": "7",
      "object_repr": "Pistachio",
      "action_flag": 1,
      "change_message": "[{\"added\": {}}]"
    }
  },
  {
    "model": "admin.logentry",
    "pk": 40,
    "fields": {
      "action_time": "2024-01-29T12:59:01.613Z",
      "user": 1,
      "content_type": 10,
      "object_id": "8",
      "object_repr": "Mokko",
      "action_flag": 1,
      "change_message": "[{\"added\": {}}]"
    }
  },
  {
    "model": "admin.logentry",
    "pk": 41,
    "fields": {
      "action_time": "2024-01-29T12:59:14.917Z",
      "user": 1,
      "content_type": 10,
      "object_id": "9",
      "object_repr": "Yellow",
      "action_flag": 1,
      "change_message": "[{\"added\": {}}]"
    }
  },
  {
    "model": "admin.logentry",
    "pk": 42,
    "fields": {
      "action_time": "2024-01-29T12:59:31.700Z",
      "user": 1,
      "content_type": 10,
      "object_id": "10",
      "object_repr": "Pink",
      "action_flag": 1,
      "change_message": "[{\"added\": {}}]"
    }
  },
  {
    "model": "admin.logentry",
    "pk": 43,
    "fields": {
      "action_time": "2024-01-29T13:06:23.811Z",
      "user": 1,
      "content_type": 14,
      "object_id": "5",
      "object_repr": "Description: None. Uploaded at: 2024-01-29 13:06:23.799866+00:00.",
      "action_flag": 1,
      "change_message": "[{\"added\": {}}]"
    }
  },
  {
    "model": "admin.logentry",
    "pk": 44,
    "fields": {
      "action_time": "2024-01-29T13:06:43.269Z",
      "user": 1,
      "content_type": 14,
      "object_id": "6",
      "object_repr": "Description: None. Uploaded at: 2024-01-29 13:06:43.261363+00:00.",
      "action_flag": 1,
      "change_message": "[{\"added\": {}}]"
    }
  },
  {
    "model": "admin.logentry",
    "pk": 45,
    "fields": {
      "action_time": "2024-01-29T13:07:03.257Z",
      "user": 1,
      "content_type": 14,
      "object_id": "7",
      "object_repr": "Description: None. Uploaded at: 2024-01-29 13:07:03.247666+00:00.",
      "action_flag": 1,
      "change_message": "[{\"added\": {}}]"
    }
  },
  {
    "model": "admin.logentry",
    "pk": 46,
    "fields": {
      "action_time": "2024-01-29T13:07:18.266Z",
      "user": 1,
      "content_type": 14,
      "object_id": "8",
      "object_repr": "Description: None. Uploaded at: 2024-01-29 13:07:18.258075+00:00.",
      "action_flag": 1,
      "change_message": "[{\"added\": {}}]"
    }
  },
  {
    "model": "admin.logentry",
    "pk": 47,
    "fields": {
      "action_time": "2024-01-29T13:07:28.451Z",
      "user": 1,
      "content_type": 14,
      "object_id": "9",
      "object_repr": "Description: None. Uploaded at: 2024-01-29 13:07:28.442799+00:00.",
      "action_flag": 1,
      "change_message": "[{\"added\": {}}]"
    }
  },
  {
    "model": "admin.logentry",
    "pk": 48,
    "fields": {
      "action_time": "2024-01-29T13:07:38.361Z",
      "user": 1,
      "content_type": 14,
      "object_id": "10",
      "object_repr": "Description: None. Uploaded at: 2024-01-29 13:07:38.353019+00:00.",
      "action_flag": 1,
      "change_message": "[{\"added\": {}}]"
    }
  },
  {
    "model": "admin.logentry",
    "pk": 49,
    "fields": {
      "action_time": "2024-01-29T13:07:48.272Z",
      "user": 1,
      "content_type": 14,
      "object_id": "11",
      "object_repr": "Description: None. Uploaded at: 2024-01-29 13:07:48.262794+00:00.",
      "action_flag": 1,
      "change_message": "[{\"added\": {}}]"
    }
  },
  {
    "model": "admin.logentry",
    "pk": 50,
    "fields": {
      "action_time": "2024-01-29T13:07:51.732Z",
      "user": 1,
      "content_type": 13,
      "object_id": "6",
      "object_repr": "Coat Black oversize",
      "action_flag": 1,
      "change_message": "[{\"added\": {}}, {\"added\": {\"name\": \"image-item relationship\", \"object\": \"Image_item object (5)\"}}, {\"added\": {\"name\": \"image-item relationship\", \"object\": \"Image_item object (6)\"}}, {\"added\": {\"name\": \"image-item relationship\", \"object\": \"Image_item object (7)\"}}, {\"added\": {\"name\": \"image-item relationship\", \"object\": \"Image_item object (8)\"}}, {\"added\": {\"name\": \"image-item relationship\", \"object\": \"Image_item object (9)\"}}, {\"added\": {\"name\": \"image-item relationship\", \"object\": \"Image_item object (10)\"}}, {\"added\": {\"name\": \"image-item relationship\", \"object\": \"Image_item object (11)\"}}]"
    }
  },
  {
    "model": "admin.logentry",
    "pk": 51,
    "fields": {
      "action_time": "2024-01-29T13:40:42.388Z",
      "user": 1,
      "content_type": 14,
      "object_id": "12",
      "object_repr": "Description: None. Uploaded at: 2024-01-29 13:40:42.379636+00:00.",
      "action_flag": 1,
      "change_message": "[{\"added\": {}}]"
    }
  },
  {
    "model": "admin.logentry",
    "pk": 52,
    "fields": {
      "action_time": "2024-01-29T13:40:59.859Z",
      "user": 1,
      "content_type": 14,
      "object_id": "13",
      "object_repr": "Description: None. Uploaded at: 2024-01-29 13:40:59.850639+00:00.",
      "action_flag": 1,
      "change_message": "[{\"added\": {}}]"
    }
  },
  {
    "model": "admin.logentry",
    "pk": 53,
    "fields": {
      "action_time": "2024-01-29T13:41:11.602Z",
      "user": 1,
      "content_type": 14,
      "object_id": "14",
      "object_repr": "Description: None. Uploaded at: 2024-01-29 13:41:11.594564+00:00.",
      "action_flag": 1,
      "change_message": "[{\"added\": {}}]"
    }
  },
  {
    "model": "admin.logentry",
    "pk": 54,
    "fields": {
      "action_time": "2024-01-29T13:41:23.075Z",
      "user": 1,
      "content_type": 14,
      "object_id": "15",
      "object_repr": "Description: None. Uploaded at: 2024-01-29 13:41:23.066791+00:00.",
      "action_flag": 1,
      "change_message": "[{\"added\": {}}]"
    }
  },
  {
    "model": "admin.logentry",
    "pk": 55,
    "fields": {
      "action_time": "2024-01-29T13:41:43.928Z",
      "user": 1,
      "content_type": 14,
      "object_id": "16",
      "object_repr": "Description: None. Uploaded at: 2024-01-29 13:41:43.921264+00:00.",
      "action_flag": 1,
      "change_message": "[{\"added\": {}}]"
    }
  },
  {
    "model": "admin.logentry",
    "pk": 56,
    "fields": {
      "action_time": "2024-01-29T13:41:58.049Z",
      "user": 1,
      "content_type": 14,
      "object_id": "17",
      "object_repr": "Description: None. Uploaded at: 2024-01-29 13:41:58.039634+00:00.",
      "action_flag": 1,
      "change_message": "[{\"added\": {}}]"
    }
  },
  {
    "model": "admin.logentry",
    "pk": 57,
    "fields": {
      "action_time": "2024-01-29T13:42:06.738Z",
      "user": 1,
      "content_type": 14,
      "object_id": "18",
      "object_repr": "Description: None. Uploaded at: 2024-01-29 13:42:06.730086+00:00.",
      "action_flag": 1,
      "change_message": "[{\"added\": {}}]"
    }
  },
  {
    "model": "admin.logentry",
    "pk": 58,
    "fields": {
      "action_time": "2024-01-29T13:42:09.716Z",
      "user": 1,
      "content_type": 13,
      "object_id": "7",
      "object_repr": "Pink Crop Top and Shorts Set Pink s",
      "action_flag": 1,
      "change_message": "[{\"added\": {}}, {\"added\": {\"name\": \"image-item relationship\", \"object\": \"Image_item object (12)\"}}, {\"added\": {\"name\": \"image-item relationship\", \"object\": \"Image_item object (13)\"}}, {\"added\": {\"name\": \"image-item relationship\", \"object\": \"Image_item object (14)\"}}, {\"added\": {\"name\": \"image-item relationship\", \"object\": \"Image_item object (15)\"}}, {\"added\": {\"name\": \"image-item relationship\", \"object\": \"Image_item object (16)\"}}, {\"added\": {\"name\": \"image-item relationship\", \"object\": \"Image_item object (17)\"}}, {\"added\": {\"name\": \"image-item relationship\", \"object\": \"Image_item object (18)\"}}]"
    }
  },
  {
    "model": "admin.logentry",
    "pk": 59,
    "fields": {
      "action_time": "2024-01-29T13:43:24.929Z",
      "user": 1,
      "content_type": 13,
      "object_id": "8",
      "object_repr": "Pink Crop Top and Shorts Set Pink m",
      "action_flag": 1,
      "change_message": "[{\"added\": {}}]"
    }
  },
  {
    "model": "admin.logentry",
    "pk": 60,
    "fields": {
      "action_time": "2024-01-29T13:43:39.617Z",
      "user": 1,
      "content_type": 14,
      "object_id": "18",
      "object_repr": "Description: None. Uploaded at: 2024-01-29 13:42:06.730086+00:00.",
      "action_flag": 2,
      "change_message": "[{\"changed\": {\"fields\": [\"Item\"]}}]"
    }
  },
  {
    "model": "admin.logentry",
    "pk": 61,
    "fields": {
      "action_time": "2024-01-29T13:43:42.750Z",
      "user": 1,
      "content_type": 14,
      "object_id": "17",
      "object_repr": "Description: None. Uploaded at: 2024-01-29 13:41:58.039634+00:00.",
      "action_flag": 2,
      "change_message": "[{\"changed\": {\"fields\": [\"Item\"]}}]"
    }
  },
  {
    "model": "admin.logentry",
    "pk": 62,
    "fields": {
      "action_time": "2024-01-29T13:43:45.915Z",
      "user": 1,
      "content_type": 14,
      "object_id": "16",
      "object_repr": "Description: None. Uploaded at: 2024-01-29 13:41:43.921264+00:00.",
      "action_flag": 2,
      "change_message": "[{\"changed\": {\"fields\": [\"Item\"]}}]"
    }
  },
  {
    "model": "admin.logentry",
    "pk": 63,
    "fields": {
      "action_time": "2024-01-29T13:43:48.387Z",
      "user": 1,
      "content_type": 14,
      "object_id": "16",
      "object_repr": "Description: None. Uploaded at: 2024-01-29 13:41:43.921264+00:00.",
      "action_flag": 2,
      "change_message": "[]"
    }
  },
  {
    "model": "admin.logentry",
    "pk": 64,
    "fields": {
      "action_time": "2024-01-29T13:43:52.989Z",
      "user": 1,
      "content_type": 14,
      "object_id": "15",
      "object_repr": "Description: None. Uploaded at: 2024-01-29 13:41:23.066791+00:00.",
      "action_flag": 2,
      "change_message": "[{\"changed\": {\"fields\": [\"Item\"]}}]"
    }
  },
  {
    "model": "admin.logentry",
    "pk": 65,
    "fields": {
      "action_time": "2024-01-29T13:43:57.094Z",
      "user": 1,
      "content_type": 14,
      "object_id": "14",
      "object_repr": "Description: None. Uploaded at: 2024-01-29 13:41:11.594564+00:00.",
      "action_flag": 2,
      "change_message": "[{\"changed\": {\"fields\": [\"Item\"]}}]"
    }
  },
  {
    "model": "admin.logentry",
    "pk": 66,
    "fields": {
      "action_time": "2024-01-29T13:44:01.457Z",
      "user": 1,
      "content_type": 14,
      "object_id": "13",
      "object_repr": "Description: None. Uploaded at: 2024-01-29 13:40:59.850639+00:00.",
      "action_flag": 2,
      "change_message": "[{\"changed\": {\"fields\": [\"Item\"]}}]"
    }
  },
  {
    "model": "admin.logentry",
    "pk": 67,
    "fields": {
      "action_time": "2024-01-29T13:44:06.074Z",
      "user": 1,
      "content_type": 14,
      "object_id": "12",
      "object_repr": "Description: None. Uploaded at: 2024-01-29 13:40:42.379636+00:00.",
      "action_flag": 2,
      "change_message": "[{\"changed\": {\"fields\": [\"Item\"]}}]"
    }
  },
  {
    "model": "admin.logentry",
    "pk": 68,
    "fields": {
      "action_time": "2024-01-29T13:46:47.292Z",
      "user": 1,
      "content_type": 14,
      "object_id": "19",
      "object_repr": "Description: None. Uploaded at: 2024-01-29 13:46:47.284617+00:00.",
      "action_flag": 1,
      "change_message": "[{\"added\": {}}]"
    }
  },
  {
    "model": "admin.logentry",
    "pk": 69,
    "fields": {
      "action_time": "2024-01-29T13:46:58.699Z",
      "user": 1,
      "content_type": 14,
      "object_id": "20",
      "object_repr": "Description: None. Uploaded at: 2024-01-29 13:46:58.691890+00:00.",
      "action_flag": 1,
      "change_message": "[{\"added\": {}}]"
    }
  },
  {
    "model": "admin.logentry",
    "pk": 70,
    "fields": {
      "action_time": "2024-01-29T13:47:15.355Z",
      "user": 1,
      "content_type": 14,
      "object_id": "21",
      "object_repr": "Description: None. Uploaded at: 2024-01-29 13:47:15.346781+00:00.",
      "action_flag": 1,
      "change_message": "[{\"added\": {}}]"
    }
  },
  {
    "model": "admin.logentry",
    "pk": 71,
    "fields": {
      "action_time": "2024-01-29T13:47:28.494Z",
      "user": 1,
      "content_type": 14,
      "object_id": "22",
      "object_repr": "Description: None. Uploaded at: 2024-01-29 13:47:28.485157+00:00.",
      "action_flag": 1,
      "change_message": "[{\"added\": {}}]"
    }
  },
  {
    "model": "admin.logentry",
    "pk": 72,
    "fields": {
      "action_time": "2024-01-29T13:47:43.828Z",
      "user": 1,
      "content_type": 14,
      "object_id": "23",
      "object_repr": "Description: None. Uploaded at: 2024-01-29 13:47:43.820684+00:00.",
      "action_flag": 1,
      "change_message": "[{\"added\": {}}]"
    }
  },
  {
    "model": "admin.logentry",
    "pk": 73,
    "fields": {
      "action_time": "2024-01-29T13:47:58.748Z",
      "user": 1,
      "content_type": 14,
      "object_id": "24",
      "object_repr": "Description: None. Uploaded at: 2024-01-29 13:47:58.740499+00:00.",
      "action_flag": 1,
      "change_message": "[{\"added\": {}}]"
    }
  },
  {
    "model": "admin.logentry",
    "pk": 74,
    "fields": {
      "action_time": "2024-01-29T13:48:00.694Z",
      "user": 1,
      "content_type": 13,
      "object_id": "9",
      "object_repr": "Beige Crop Top and Shorts Set Beige s",
      "action_flag": 1,
      "change_message": "[{\"added\": {}}, {\"added\": {\"name\": \"image-item relationship\", \"object\": \"Image_item object (26)\"}}, {\"added\": {\"name\": \"image-item relationship\", \"object\": \"Image_item object (27)\"}}, {\"added\": {\"name\": \"image-item relationship\", \"object\": \"Image_item object (28)\"}}, {\"added\": {\"name\": \"image-item relationship\", \"object\": \"Image_item object (29)\"}}, {\"added\": {\"name\": \"image-item relationship\", \"object\": \"Image_item object (30)\"}}, {\"added\": {\"name\": \"image-item relationship\", \"object\": \"Image_item object (31)\"}}]"
    }
  },
  {
    "model": "admin.logentry",
    "pk": 75,
    "fields": {
      "action_time": "2024-01-29T13:48:40.307Z",
      "user": 1,
      "content_type": 13,
      "object_id": "10",
      "object_repr": "Beige Crop Top and Shorts Set Beige m",
      "action_flag": 1,
      "change_message": "[{\"added\": {}}]"
    }
  },
  {
    "model": "admin.logentry",
    "pk": 76,
    "fields": {
      "action_time": "2024-01-29T13:49:04.437Z",
      "user": 1,
      "content_type": 14,
      "object_id": "24",
      "object_repr": "Description: None. Uploaded at: 2024-01-29 13:47:58.740499+00:00.",
      "action_flag": 2,
      "change_message": "[{\"changed\": {\"fields\": [\"Item\"]}}]"
    }
  },
  {
    "model": "admin.logentry",
    "pk": 77,
    "fields": {
      "action_time": "2024-01-29T13:49:07.311Z",
      "user": 1,
      "content_type": 14,
      "object_id": "23",
      "object_repr": "Description: None. Uploaded at: 2024-01-29 13:47:43.820684+00:00.",
      "action_flag": 2,
      "change_message": "[{\"changed\": {\"fields\": [\"Item\"]}}]"
    }
  },
  {
    "model": "admin.logentry",
    "pk": 78,
    "fields": {
      "action_time": "2024-01-29T13:49:10.727Z",
      "user": 1,
      "content_type": 14,
      "object_id": "22",
      "object_repr": "Description: None. Uploaded at: 2024-01-29 13:47:28.485157+00:00.",
      "action_flag": 2,
      "change_message": "[{\"changed\": {\"fields\": [\"Item\"]}}]"
    }
  },
  {
    "model": "admin.logentry",
    "pk": 79,
    "fields": {
      "action_time": "2024-01-29T13:49:13.409Z",
      "user": 1,
      "content_type": 14,
      "object_id": "21",
      "object_repr": "Description: None. Uploaded at: 2024-01-29 13:47:15.346781+00:00.",
      "action_flag": 2,
      "change_message": "[{\"changed\": {\"fields\": [\"Item\"]}}]"
    }
  },
  {
    "model": "admin.logentry",
    "pk": 80,
    "fields": {
      "action_time": "2024-01-29T13:49:17.807Z",
      "user": 1,
      "content_type": 14,
      "object_id": "20",
      "object_repr": "Description: None. Uploaded at: 2024-01-29 13:46:58.691890+00:00.",
      "action_flag": 2,
      "change_message": "[{\"changed\": {\"fields\": [\"Item\"]}}]"
    }
  },
  {
    "model": "admin.logentry",
    "pk": 81,
    "fields": {
      "action_time": "2024-01-29T13:49:23.561Z",
      "user": 1,
      "content_type": 14,
      "object_id": "19",
      "object_repr": "Description: None. Uploaded at: 2024-01-29 13:46:47.284617+00:00.",
      "action_flag": 2,
      "change_message": "[{\"changed\": {\"fields\": [\"Item\"]}}]"
    }
  },
  {
    "model": "admin.logentry",
    "pk": 82,
    "fields": {
      "action_time": "2024-01-29T13:49:28.637Z",
      "user": 1,
      "content_type": 14,
      "object_id": "19",
      "object_repr": "Description: None. Uploaded at: 2024-01-29 13:46:47.284617+00:00.",
      "action_flag": 2,
      "change_message": "[]"
    }
  },
  {
    "model": "admin.logentry",
    "pk": 83,
    "fields": {
      "action_time": "2024-01-29T13:49:35.963Z",
      "user": 1,
      "content_type": 14,
      "object_id": "18",
      "object_repr": "Description: None. Uploaded at: 2024-01-29 13:42:06.730086+00:00.",
      "action_flag": 2,
      "change_message": "[]"
    }
  },
  {
    "model": "admin.logentry",
    "pk": 84,
    "fields": {
      "action_time": "2024-01-29T13:51:55.717Z",
      "user": 1,
      "content_type": 14,
      "object_id": "25",
      "object_repr": "Description: None. Uploaded at: 2024-01-29 13:51:55.708446+00:00.",
      "action_flag": 1,
      "change_message": "[{\"added\": {}}]"
    }
  },
  {
    "model": "admin.logentry",
    "pk": 85,
    "fields": {
      "action_time": "2024-01-29T13:52:06.425Z",
      "user": 1,
      "content_type": 14,
      "object_id": "26",
      "object_repr": "Description: None. Uploaded at: 2024-01-29 13:52:06.416357+00:00.",
      "action_flag": 1,
      "change_message": "[{\"added\": {}}]"
    }
  },
  {
    "model": "admin.logentry",
    "pk": 86,
    "fields": {
      "action_time": "2024-01-29T13:52:19.109Z",
      "user": 1,
      "content_type": 14,
      "object_id": "27",
      "object_repr": "Description: None. Uploaded at: 2024-01-29 13:52:19.100142+00:00.",
      "action_flag": 1,
      "change_message": "[{\"added\": {}}]"
    }
  },
  {
    "model": "admin.logentry",
    "pk": 87,
    "fields": {
      "action_time": "2024-01-29T13:52:36.003Z",
      "user": 1,
      "content_type": 14,
      "object_id": "28",
      "object_repr": "Description: None. Uploaded at: 2024-01-29 13:52:35.996022+00:00.",
      "action_flag": 1,
      "change_message": "[{\"added\": {}}]"
    }
  },
  {
    "model": "admin.logentry",
    "pk": 88,
    "fields": {
      "action_time": "2024-01-29T13:52:45.131Z",
      "user": 1,
      "content_type": 14,
      "object_id": "29",
      "object_repr": "Description: None. Uploaded at: 2024-01-29 13:52:45.123320+00:00.",
      "action_flag": 1,
      "change_message": "[{\"added\": {}}]"
    }
  },
  {
    "model": "admin.logentry",
    "pk": 89,
    "fields": {
      "action_time": "2024-01-29T13:52:54.334Z",
      "user": 1,
      "content_type": 14,
      "object_id": "30",
      "object_repr": "Description: None. Uploaded at: 2024-01-29 13:52:54.326623+00:00.",
      "action_flag": 1,
      "change_message": "[{\"added\": {}}]"
    }
  },
  {
    "model": "admin.logentry",
    "pk": 90,
    "fields": {
      "action_time": "2024-01-29T13:52:56.789Z",
      "user": 1,
      "content_type": 13,
      "object_id": "11",
      "object_repr": "Pistachio Crop Top and Shorts Set Pistachio s",
      "action_flag": 1,
      "change_message": "[{\"added\": {}}, {\"added\": {\"name\": \"image-item relationship\", \"object\": \"Image_item object (38)\"}}, {\"added\": {\"name\": \"image-item relationship\", \"object\": \"Image_item object (39)\"}}, {\"added\": {\"name\": \"image-item relationship\", \"object\": \"Image_item object (40)\"}}, {\"added\": {\"name\": \"image-item relationship\", \"object\": \"Image_item object (41)\"}}, {\"added\": {\"name\": \"image-item relationship\", \"object\": \"Image_item object (42)\"}}, {\"added\": {\"name\": \"image-item relationship\", \"object\": \"Image_item object (43)\"}}]"
    }
  },
  {
    "model": "admin.logentry",
    "pk": 91,
    "fields": {
      "action_time": "2024-01-29T13:53:35.894Z",
      "user": 1,
      "content_type": 13,
      "object_id": "12",
      "object_repr": "Pistachio Crop Top and Shorts Set Pistachio m",
      "action_flag": 1,
      "change_message": "[{\"added\": {}}]"
    }
  },
  {
    "model": "admin.logentry",
    "pk": 92,
    "fields": {
      "action_time": "2024-01-29T13:53:40.827Z",
      "user": 1,
      "content_type": 14,
      "object_id": "30",
      "object_repr": "Description: None. Uploaded at: 2024-01-29 13:52:54.326623+00:00.",
      "action_flag": 2,
      "change_message": "[{\"changed\": {\"fields\": [\"Item\"]}}]"
    }
  },
  {
    "model": "admin.logentry",
    "pk": 93,
    "fields": {
      "action_time": "2024-01-29T13:53:43.457Z",
      "user": 1,
      "content_type": 14,
      "object_id": "29",
      "object_repr": "Description: None. Uploaded at: 2024-01-29 13:52:45.123320+00:00.",
      "action_flag": 2,
      "change_message": "[{\"changed\": {\"fields\": [\"Item\"]}}]"
    }
  },
  {
    "model": "admin.logentry",
    "pk": 94,
    "fields": {
      "action_time": "2024-01-29T13:53:46.048Z",
      "user": 1,
      "content_type": 14,
      "object_id": "28",
      "object_repr": "Description: None. Uploaded at: 2024-01-29 13:52:35.996022+00:00.",
      "action_flag": 2,
      "change_message": "[{\"changed\": {\"fields\": [\"Item\"]}}]"
    }
  },
  {
    "model": "admin.logentry",
    "pk": 95,
    "fields": {
      "action_time": "2024-01-29T13:53:50.008Z",
      "user": 1,
      "content_type": 14,
      "object_id": "27",
      "object_repr": "Description: None. Uploaded at: 2024-01-29 13:52:19.100142+00:00.",
      "action_flag": 2,
      "change_message": "[{\"changed\": {\"fields\": [\"Item\"]}}]"
    }
  },
  {
    "model": "admin.logentry",
    "pk": 96,
    "fields": {
      "action_time": "2024-01-29T13:53:54.447Z",
      "user": 1,
      "content_type": 14,
      "object_id": "26",
      "object_repr": "Description: None. Uploaded at: 2024-01-29 13:52:06.416357+00:00.",
      "action_flag": 2,
      "change_message": "[{\"changed\": {\"fields\": [\"Item\"]}}]"
    }
  },
  {
    "model": "admin.logentry",
    "pk": 97,
    "fields": {
      "action_time": "2024-01-29T13:54:01.120Z",
      "user": 1,
      "content_type": 14,
      "object_id": "25",
      "object_repr": "Description: None. Uploaded at: 2024-01-29 13:51:55.708446+00:00.",
      "action_flag": 2,
      "change_message": "[{\"changed\": {\"fields\": [\"Item\"]}}]"
    }
  },
  {
    "model": "admin.logentry",
    "pk": 98,
    "fields": {
      "action_time": "2024-01-29T13:57:55.988Z",
      "user": 1,
      "content_type": 14,
      "object_id": "31",
      "object_repr": "Description: None. Uploaded at: 2024-01-29 13:57:55.980165+00:00.",
      "action_flag": 1,
      "change_message": "[{\"added\": {}}]"
    }
  },
  {
    "model": "admin.logentry",
    "pk": 99,
    "fields": {
      "action_time": "2024-01-29T13:58:09.685Z",
      "user": 1,
      "content_type": 14,
      "object_id": "32",
      "object_repr": "Description: None. Uploaded at: 2024-01-29 13:58:09.677182+00:00.",
      "action_flag": 1,
      "change_message": "[{\"added\": {}}]"
    }
  },
  {
    "model": "admin.logentry",
    "pk": 100,
    "fields": {
      "action_time": "2024-01-29T13:58:28.767Z",
      "user": 1,
      "content_type": 14,
      "object_id": "33",
      "object_repr": "Description: None. Uploaded at: 2024-01-29 13:58:28.758158+00:00.",
      "action_flag": 1,
      "change_message": "[{\"added\": {}}]"
    }
  },
  {
    "model": "admin.logentry",
    "pk": 101,
    "fields": {
      "action_time": "2024-01-29T13:58:41.529Z",
      "user": 1,
      "content_type": 14,
      "object_id": "34",
      "object_repr": "Description: None. Uploaded at: 2024-01-29 13:58:41.520562+00:00.",
      "action_flag": 1,
      "change_message": "[{\"added\": {}}]"
    }
  },
  {
    "model": "admin.logentry",
    "pk": 102,
    "fields": {
      "action_time": "2024-01-29T13:58:52.446Z",
      "user": 1,
      "content_type": 14,
      "object_id": "35",
      "object_repr": "Description: None. Uploaded at: 2024-01-29 13:58:52.438170+00:00.",
      "action_flag": 1,
      "change_message": "[{\"added\": {}}]"
    }
  },
  {
    "model": "admin.logentry",
    "pk": 103,
    "fields": {
      "action_time": "2024-01-29T13:59:09.638Z",
      "user": 1,
      "content_type": 14,
      "object_id": "36",
      "object_repr": "Description: None. Uploaded at: 2024-01-29 13:59:09.629980+00:00.",
      "action_flag": 1,
      "change_message": "[{\"added\": {}}]"
    }
  },
  {
    "model": "admin.logentry",
    "pk": 104,
    "fields": {
      "action_time": "2024-01-29T13:59:28.513Z",
      "user": 1,
      "content_type": 14,
      "object_id": "37",
      "object_repr": "Description: None. Uploaded at: 2024-01-29 13:59:28.504924+00:00.",
      "action_flag": 1,
      "change_message": "[{\"added\": {}}]"
    }
  },
  {
    "model": "admin.logentry",
    "pk": 105,
    "fields": {
      "action_time": "2024-01-29T13:59:30.003Z",
      "user": 1,
      "content_type": 13,
      "object_id": "13",
      "object_repr": "Blue Hoodie Blue oversize",
      "action_flag": 1,
      "change_message": "[{\"added\": {}}, {\"added\": {\"name\": \"image-item relationship\", \"object\": \"Image_item object (50)\"}}, {\"added\": {\"name\": \"image-item relationship\", \"object\": \"Image_item object (51)\"}}, {\"added\": {\"name\": \"image-item relationship\", \"object\": \"Image_item object (52)\"}}, {\"added\": {\"name\": \"image-item relationship\", \"object\": \"Image_item object (53)\"}}, {\"added\": {\"name\": \"image-item relationship\", \"object\": \"Image_item object (54)\"}}, {\"added\": {\"name\": \"image-item relationship\", \"object\": \"Image_item object (55)\"}}, {\"added\": {\"name\": \"image-item relationship\", \"object\": \"Image_item object (56)\"}}]"
    }
  },
  {
    "model": "admin.logentry",
    "pk": 106,
    "fields": {
      "action_time": "2024-01-29T14:00:28.960Z",
      "user": 1,
      "content_type": 14,
      "object_id": "38",
      "object_repr": "Description: None. Uploaded at: 2024-01-29 14:00:28.952403+00:00.",
      "action_flag": 1,
      "change_message": "[{\"added\": {}}]"
    }
  },
  {
    "model": "admin.logentry",
    "pk": 107,
    "fields": {
      "action_time": "2024-01-29T14:00:36.553Z",
      "user": 1,
      "content_type": 14,
      "object_id": "39",
      "object_repr": "Description: None. Uploaded at: 2024-01-29 14:00:36.543829+00:00.",
      "action_flag": 1,
      "change_message": "[{\"added\": {}}]"
    }
  },
  {
    "model": "admin.logentry",
    "pk": 108,
    "fields": {
      "action_time": "2024-01-29T14:00:44.606Z",
      "user": 1,
      "content_type": 14,
      "object_id": "40",
      "object_repr": "Description: None. Uploaded at: 2024-01-29 14:00:44.597668+00:00.",
      "action_flag": 1,
      "change_message": "[{\"added\": {}}]"
    }
  },
  {
    "model": "admin.logentry",
    "pk": 109,
    "fields": {
      "action_time": "2024-01-29T14:01:12.822Z",
      "user": 1,
      "content_type": 14,
      "object_id": "41",
      "object_repr": "Description: None. Uploaded at: 2024-01-29 14:01:12.813642+00:00.",
      "action_flag": 1,
      "change_message": "[{\"added\": {}}]"
    }
  },
  {
    "model": "admin.logentry",
    "pk": 110,
    "fields": {
      "action_time": "2024-01-29T14:01:21.364Z",
      "user": 1,
      "content_type": 14,
      "object_id": "42",
      "object_repr": "Description: None. Uploaded at: 2024-01-29 14:01:21.355473+00:00.",
      "action_flag": 1,
      "change_message": "[{\"added\": {}}]"
    }
  },
  {
    "model": "admin.logentry",
    "pk": 111,
    "fields": {
      "action_time": "2024-01-29T14:03:29.160Z",
      "user": 1,
      "content_type": 14,
      "object_id": "43",
      "object_repr": "Description: None. Uploaded at: 2024-01-29 14:03:29.151550+00:00.",
      "action_flag": 1,
      "change_message": "[{\"added\": {}}]"
    }
  },
  {
    "model": "admin.logentry",
    "pk": 112,
    "fields": {
      "action_time": "2024-01-29T14:03:56.268Z",
      "user": 1,
      "content_type": 14,
      "object_id": "44",
      "object_repr": "Description: None. Uploaded at: 2024-01-29 14:03:56.259795+00:00.",
      "action_flag": 1,
      "change_message": "[{\"added\": {}}]"
    }
  },
  {
    "model": "admin.logentry",
    "pk": 113,
    "fields": {
      "action_time": "2024-01-29T14:04:02.401Z",
      "user": 1,
      "content_type": 13,
      "object_id": "14",
      "object_repr": "White Hoodie White oversize",
      "action_flag": 1,
      "change_message": "[{\"added\": {}}, {\"added\": {\"name\": \"image-item relationship\", \"object\": \"Image_item object (57)\"}}, {\"added\": {\"name\": \"image-item relationship\", \"object\": \"Image_item object (58)\"}}, {\"added\": {\"name\": \"image-item relationship\", \"object\": \"Image_item object (59)\"}}, {\"added\": {\"name\": \"image-item relationship\", \"object\": \"Image_item object (60)\"}}, {\"added\": {\"name\": \"image-item relationship\", \"object\": \"Image_item object (61)\"}}, {\"added\": {\"name\": \"image-item relationship\", \"object\": \"Image_item object (62)\"}}, {\"added\": {\"name\": \"image-item relationship\", \"object\": \"Image_item object (63)\"}}]"
    }
  },
  {
    "model": "admin.logentry",
    "pk": 114,
    "fields": {
      "action_time": "2024-01-29T14:05:40.480Z",
      "user": 1,
      "content_type": 14,
      "object_id": "45",
      "object_repr": "Description: None. Uploaded at: 2024-01-29 14:05:40.471957+00:00.",
      "action_flag": 1,
      "change_message": "[{\"added\": {}}]"
    }
  },
  {
    "model": "admin.logentry",
    "pk": 115,
    "fields": {
      "action_time": "2024-01-29T14:06:06.525Z",
      "user": 1,
      "content_type": 14,
      "object_id": "46",
      "object_repr": "Description: None. Uploaded at: 2024-01-29 14:06:06.516681+00:00.",
      "action_flag": 1,
      "change_message": "[{\"added\": {}}]"
    }
  },
  {
    "model": "admin.logentry",
    "pk": 116,
    "fields": {
      "action_time": "2024-01-29T14:06:14.018Z",
      "user": 1,
      "content_type": 14,
      "object_id": "47",
      "object_repr": "Description: None. Uploaded at: 2024-01-29 14:06:14.009491+00:00.",
      "action_flag": 1,
      "change_message": "[{\"added\": {}}]"
    }
  },
  {
    "model": "admin.logentry",
    "pk": 117,
    "fields": {
      "action_time": "2024-01-29T14:06:25.980Z",
      "user": 1,
      "content_type": 14,
      "object_id": "48",
      "object_repr": "Description: None. Uploaded at: 2024-01-29 14:06:25.972851+00:00.",
      "action_flag": 1,
      "change_message": "[{\"added\": {}}]"
    }
  },
  {
    "model": "admin.logentry",
    "pk": 118,
    "fields": {
      "action_time": "2024-01-29T14:06:33.433Z",
      "user": 1,
      "content_type": 14,
      "object_id": "49",
      "object_repr": "Description: None. Uploaded at: 2024-01-29 14:06:33.425764+00:00.",
      "action_flag": 1,
      "change_message": "[{\"added\": {}}]"
    }
  },
  {
    "model": "admin.logentry",
    "pk": 119,
    "fields": {
      "action_time": "2024-01-29T14:06:40.471Z",
      "user": 1,
      "content_type": 14,
      "object_id": "50",
      "object_repr": "Description: None. Uploaded at: 2024-01-29 14:06:40.463948+00:00.",
      "action_flag": 1,
      "change_message": "[{\"added\": {}}]"
    }
  },
  {
    "model": "admin.logentry",
    "pk": 120,
    "fields": {
      "action_time": "2024-01-29T14:06:46.082Z",
      "user": 1,
      "content_type": 13,
      "object_id": "15",
      "object_repr": "Beige Hoodie Beige oversize",
      "action_flag": 1,
      "change_message": "[{\"added\": {}}, {\"added\": {\"name\": \"image-item relationship\", \"object\": \"Image_item object (64)\"}}, {\"added\": {\"name\": \"image-item relationship\", \"object\": \"Image_item object (65)\"}}, {\"added\": {\"name\": \"image-item relationship\", \"object\": \"Image_item object (66)\"}}, {\"added\": {\"name\": \"image-item relationship\", \"object\": \"Image_item object (67)\"}}, {\"added\": {\"name\": \"image-item relationship\", \"object\": \"Image_item object (68)\"}}, {\"added\": {\"name\": \"image-item relationship\", \"object\": \"Image_item object (69)\"}}]"
    }
  },
  {
    "model": "admin.logentry",
    "pk": 121,
    "fields": {
      "action_time": "2024-01-29T14:07:48.462Z",
      "user": 1,
      "content_type": 14,
      "object_id": "51",
      "object_repr": "Description: None. Uploaded at: 2024-01-29 14:07:48.453758+00:00.",
      "action_flag": 1,
      "change_message": "[{\"added\": {}}]"
    }
  },
  {
    "model": "admin.logentry",
    "pk": 122,
    "fields": {
      "action_time": "2024-01-29T14:08:00.962Z",
      "user": 1,
      "content_type": 14,
      "object_id": "52",
      "object_repr": "Description: None. Uploaded at: 2024-01-29 14:08:00.955035+00:00.",
      "action_flag": 1,
      "change_message": "[{\"added\": {}}]"
    }
  },
  {
    "model": "admin.logentry",
    "pk": 123,
    "fields": {
      "action_time": "2024-01-29T14:08:10.613Z",
      "user": 1,
      "content_type": 14,
      "object_id": "53",
      "object_repr": "Description: None. Uploaded at: 2024-01-29 14:08:10.604119+00:00.",
      "action_flag": 1,
      "change_message": "[{\"added\": {}}]"
    }
  },
  {
    "model": "admin.logentry",
    "pk": 124,
    "fields": {
      "action_time": "2024-01-29T14:08:20.501Z",
      "user": 1,
      "content_type": 14,
      "object_id": "54",
      "object_repr": "Description: None. Uploaded at: 2024-01-29 14:08:20.492656+00:00.",
      "action_flag": 1,
      "change_message": "[{\"added\": {}}]"
    }
  },
  {
    "model": "admin.logentry",
    "pk": 125,
    "fields": {
      "action_time": "2024-01-29T14:08:29.458Z",
      "user": 1,
      "content_type": 14,
      "object_id": "55",
      "object_repr": "Description: None. Uploaded at: 2024-01-29 14:08:29.451767+00:00.",
      "action_flag": 1,
      "change_message": "[{\"added\": {}}]"
    }
  },
  {
    "model": "admin.logentry",
    "pk": 126,
    "fields": {
      "action_time": "2024-01-29T14:08:44.537Z",
      "user": 1,
      "content_type": 14,
      "object_id": "56",
      "object_repr": "Description: None. Uploaded at: 2024-01-29 14:08:44.528480+00:00.",
      "action_flag": 1,
      "change_message": "[{\"added\": {}}]"
    }
  },
  {
    "model": "admin.logentry",
    "pk": 127,
    "fields": {
      "action_time": "2024-01-29T14:08:46.584Z",
      "user": 1,
      "content_type": 13,
      "object_id": "16",
      "object_repr": "Chocolate Hoodie Chocolate oversize",
      "action_flag": 1,
      "change_message": "[{\"added\": {}}, {\"added\": {\"name\": \"image-item relationship\", \"object\": \"Image_item object (70)\"}}, {\"added\": {\"name\": \"image-item relationship\", \"object\": \"Image_item object (71)\"}}, {\"added\": {\"name\": \"image-item relationship\", \"object\": \"Image_item object (72)\"}}, {\"added\": {\"name\": \"image-item relationship\", \"object\": \"Image_item object (73)\"}}, {\"added\": {\"name\": \"image-item relationship\", \"object\": \"Image_item object (74)\"}}, {\"added\": {\"name\": \"image-item relationship\", \"object\": \"Image_item object (75)\"}}]"
    }
  },
  {
    "model": "admin.logentry",
    "pk": 128,
    "fields": {
      "action_time": "2024-01-30T07:50:33.360Z",
      "user": 1,
      "content_type": 15,
      "object_id": "3",
      "object_repr": "Order #3 from 2024-01-29 11:14:33.366842+00:00. Total 0 usd. Status: awaiting payment",
      "action_flag": 3,
      "change_message": ""
    }
  },
  {
    "model": "admin.logentry",
    "pk": 129,
    "fields": {
      "action_time": "2024-01-30T07:50:33.405Z",
      "user": 1,
      "content_type": 15,
      "object_id": "2",
      "object_repr": "Order #2 from 2024-01-29 11:12:13.580287+00:00. Total 0 usd. Status: awaiting payment",
      "action_flag": 3,
      "change_message": ""
    }
  },
  {
    "model": "admin.logentry",
    "pk": 130,
    "fields": {
      "action_time": "2024-01-30T07:51:05.370Z",
      "user": 1,
      "content_type": 15,
      "object_id": "4",
      "object_repr": "Order #4 from 2024-01-30 07:51:05.331875+00:00. Total 27900.00 usd. Status: awaiting payment",
      "action_flag": 1,
      "change_message": "[{\"added\": {}}, {\"added\": {\"name\": \"order item\", \"object\": \"Coat - 2 pieces for 18000.00. Order #4\"}}, {\"added\": {\"name\": \"order item\", \"object\": \"Blue Hoodie - 3 pieces for 9900.00. Order #4\"}}]"
    }
  },
  {
    "model": "admin.logentry",
    "pk": 131,
    "fields": {
      "action_time": "2024-01-30T07:53:34.511Z",
      "user": 1,
      "content_type": 15,
      "object_id": "7",
      "object_repr": "Order #7 from 2024-01-30 07:53:13.321282+00:00. Total 9000.00 usd. Status: awaiting payment",
      "action_flag": 3,
      "change_message": ""
    }
  },
  {
    "model": "admin.logentry",
    "pk": 132,
    "fields": {
      "action_time": "2024-01-30T07:53:34.532Z",
      "user": 1,
      "content_type": 15,
      "object_id": "6",
      "object_repr": "Order #6 from 2024-01-30 07:52:18.483266+00:00. Total 9000.00 usd. Status: awaiting payment",
      "action_flag": 3,
      "change_message": ""
    }
  },
  {
    "model": "admin.logentry",
    "pk": 133,
    "fields": {
      "action_time": "2024-01-30T07:53:34.541Z",
      "user": 1,
      "content_type": 15,
      "object_id": "5",
      "object_repr": "Order #5 from 2024-01-30 07:51:32.877575+00:00. Total 39300.00 usd. Status: awaiting payment",
      "action_flag": 3,
      "change_message": ""
    }
  },
  {
    "model": "admin.logentry",
    "pk": 134,
    "fields": {
      "action_time": "2024-01-30T07:53:34.551Z",
      "user": 1,
      "content_type": 15,
      "object_id": "4",
      "object_repr": "Order #4 from 2024-01-30 07:51:05.331875+00:00. Total 27900.00 usd. Status: awaiting payment",
      "action_flag": 3,
      "change_message": ""
    }
  },
  {
    "model": "admin.logentry",
    "pk": 135,
    "fields": {
      "action_time": "2024-01-30T09:01:42.004Z",
      "user": 1,
      "content_type": 11,
      "object_id": "5",
      "object_repr": "oversize for t-shirt size",
      "action_flag": 1,
      "change_message": "[{\"added\": {}}]"
    }
  },
  {
    "model": "admin.logentry",
    "pk": 136,
    "fields": {
      "action_time": "2024-01-30T09:08:52.870Z",
      "user": 1,
      "content_type": 14,
      "object_id": "57",
      "object_repr": "Description: None. Uploaded at: 2024-01-30 09:08:52.850741+00:00.",
      "action_flag": 1,
      "change_message": "[{\"added\": {}}]"
    }
  },
  {
    "model": "admin.logentry",
    "pk": 137,
    "fields": {
      "action_time": "2024-01-30T09:09:02.860Z",
      "user": 1,
      "content_type": 14,
      "object_id": "58",
      "object_repr": "Description: None. Uploaded at: 2024-01-30 09:09:02.849417+00:00.",
      "action_flag": 1,
      "change_message": "[{\"added\": {}}]"
    }
  },
  {
    "model": "admin.logentry",
    "pk": 138,
    "fields": {
      "action_time": "2024-01-30T09:09:11.864Z",
      "user": 1,
      "content_type": 14,
      "object_id": "59",
      "object_repr": "Description: None. Uploaded at: 2024-01-30 09:09:11.834671+00:00.",
      "action_flag": 1,
      "change_message": "[{\"added\": {}}]"
    }
  },
  {
    "model": "admin.logentry",
    "pk": 139,
    "fields": {
      "action_time": "2024-01-30T09:09:27.954Z",
      "user": 1,
      "content_type": 14,
      "object_id": "60",
      "object_repr": "Description: None. Uploaded at: 2024-01-30 09:09:27.945432+00:00.",
      "action_flag": 1,
      "change_message": "[{\"added\": {}}]"
    }
  },
  {
    "model": "admin.logentry",
    "pk": 140,
    "fields": {
      "action_time": "2024-01-30T09:09:30.752Z",
      "user": 1,
      "content_type": 13,
      "object_id": "17",
      "object_repr": "Yellow T-Shirt Yellow oversize",
      "action_flag": 1,
      "change_message": "[{\"added\": {}}, {\"added\": {\"name\": \"image-item relationship\", \"object\": \"Image_item object (76)\"}}, {\"added\": {\"name\": \"image-item relationship\", \"object\": \"Image_item object (77)\"}}, {\"added\": {\"name\": \"image-item relationship\", \"object\": \"Image_item object (78)\"}}, {\"added\": {\"name\": \"image-item relationship\", \"object\": \"Image_item object (79)\"}}]"
    }
  },
  {
    "model": "admin.logentry",
    "pk": 141,
    "fields": {
      "action_time": "2024-01-30T09:12:37.948Z",
      "user": 1,
      "content_type": 14,
      "object_id": "61",
      "object_repr": "Description: None. Uploaded at: 2024-01-30 09:12:37.931107+00:00.",
      "action_flag": 1,
      "change_message": "[{\"added\": {}}]"
    }
  },
  {
    "model": "admin.logentry",
    "pk": 142,
    "fields": {
      "action_time": "2024-01-30T09:12:45.356Z",
      "user": 1,
      "content_type": 14,
      "object_id": "62",
      "object_repr": "Description: None. Uploaded at: 2024-01-30 09:12:45.332823+00:00.",
      "action_flag": 1,
      "change_message": "[{\"added\": {}}]"
    }
  },
  {
    "model": "admin.logentry",
    "pk": 143,
    "fields": {
      "action_time": "2024-01-30T09:12:52.191Z",
      "user": 1,
      "content_type": 14,
      "object_id": "63",
      "object_repr": "Description: None. Uploaded at: 2024-01-30 09:12:52.173656+00:00.",
      "action_flag": 1,
      "change_message": "[{\"added\": {}}]"
    }
  },
  {
    "model": "admin.logentry",
    "pk": 144,
    "fields": {
      "action_time": "2024-01-30T09:12:54.281Z",
      "user": 1,
      "content_type": 13,
      "object_id": "18",
      "object_repr": "Beige T-Shirt Beige oversize",
      "action_flag": 1,
      "change_message": "[{\"added\": {}}, {\"added\": {\"name\": \"image-item relationship\", \"object\": \"Image_item object (80)\"}}, {\"added\": {\"name\": \"image-item relationship\", \"object\": \"Image_item object (81)\"}}, {\"added\": {\"name\": \"image-item relationship\", \"object\": \"Image_item object (82)\"}}]"
    }
  },
  {
    "model": "admin.logentry",
    "pk": 145,
    "fields": {
      "action_time": "2024-01-30T09:13:55.884Z",
      "user": 1,
      "content_type": 14,
      "object_id": "64",
      "object_repr": "Description: None. Uploaded at: 2024-01-30 09:13:55.875179+00:00.",
      "action_flag": 1,
      "change_message": "[{\"added\": {}}]"
    }
  },
  {
    "model": "admin.logentry",
    "pk": 146,
    "fields": {
      "action_time": "2024-01-30T09:14:04.096Z",
      "user": 1,
      "content_type": 14,
      "object_id": "65",
      "object_repr": "Description: None. Uploaded at: 2024-01-30 09:14:04.085201+00:00.",
      "action_flag": 1,
      "change_message": "[{\"added\": {}}]"
    }
  },
  {
    "model": "admin.logentry",
    "pk": 147,
    "fields": {
      "action_time": "2024-01-30T09:14:05.546Z",
      "user": 1,
      "content_type": 13,
      "object_id": "19",
      "object_repr": "Grey T-Shirt Gray oversize",
      "action_flag": 1,
      "change_message": "[{\"added\": {}}, {\"added\": {\"name\": \"image-item relationship\", \"object\": \"Image_item object (83)\"}}, {\"added\": {\"name\": \"image-item relationship\", \"object\": \"Image_item object (84)\"}}]"
    }
  },
  {
    "model": "admin.logentry",
    "pk": 148,
    "fields": {
      "action_time": "2024-01-30T09:15:52.920Z",
      "user": 1,
      "content_type": 14,
      "object_id": "66",
      "object_repr": "Description: None. Uploaded at: 2024-01-30 09:15:52.908868+00:00.",
      "action_flag": 1,
      "change_message": "[{\"added\": {}}]"
    }
  },
  {
    "model": "admin.logentry",
    "pk": 149,
    "fields": {
      "action_time": "2024-01-30T09:16:01.024Z",
      "user": 1,
      "content_type": 14,
      "object_id": "67",
      "object_repr": "Description: None. Uploaded at: 2024-01-30 09:16:00.994469+00:00.",
      "action_flag": 1,
      "change_message": "[{\"added\": {}}]"
    }
  },
  {
    "model": "admin.logentry",
    "pk": 150,
    "fields": {
      "action_time": "2024-01-30T09:16:25.593Z",
      "user": 1,
      "content_type": 14,
      "object_id": "68",
      "object_repr": "Description: None. Uploaded at: 2024-01-30 09:16:25.583308+00:00.",
      "action_flag": 1,
      "change_message": "[{\"added\": {}}]"
    }
  },
  {
    "model": "admin.logentry",
    "pk": 151,
    "fields": {
      "action_time": "2024-01-30T09:16:33.682Z",
      "user": 1,
      "content_type": 14,
      "object_id": "69",
      "object_repr": "Description: None. Uploaded at: 2024-01-30 09:16:33.672550+00:00.",
      "action_flag": 1,
      "change_message": "[{\"added\": {}}]"
    }
  },
  {
    "model": "admin.logentry",
    "pk": 152,
    "fields": {
      "action_time": "2024-01-30T09:16:35.394Z",
      "user": 1,
      "content_type": 13,
      "object_id": "20",
      "object_repr": "Black T-Shirt Black oversize",
      "action_flag": 1,
      "change_message": "[{\"added\": {}}, {\"added\": {\"name\": \"image-item relationship\", \"object\": \"Image_item object (85)\"}}, {\"added\": {\"name\": \"image-item relationship\", \"object\": \"Image_item object (86)\"}}, {\"added\": {\"name\": \"image-item relationship\", \"object\": \"Image_item object (87)\"}}, {\"added\": {\"name\": \"image-item relationship\", \"object\": \"Image_item object (88)\"}}]"
    }
  },
  {
    "model": "admin.logentry",
    "pk": 153,
    "fields": {
      "action_time": "2024-01-30T09:17:22.203Z",
      "user": 1,
      "content_type": 14,
      "object_id": "70",
      "object_repr": "Description: None. Uploaded at: 2024-01-30 09:17:22.185842+00:00.",
      "action_flag": 1,
      "change_message": "[{\"added\": {}}]"
    }
  },
  {
    "model": "admin.logentry",
    "pk": 154,
    "fields": {
      "action_time": "2024-01-30T09:17:38.345Z",
      "user": 1,
      "content_type": 14,
      "object_id": "71",
      "object_repr": "Description: None. Uploaded at: 2024-01-30 09:17:38.331617+00:00.",
      "action_flag": 1,
      "change_message": "[{\"added\": {}}]"
    }
  },
  {
    "model": "admin.logentry",
    "pk": 155,
    "fields": {
      "action_time": "2024-01-30T09:18:00.815Z",
      "user": 1,
      "content_type": 14,
      "object_id": "72",
      "object_repr": "Description: None. Uploaded at: 2024-01-30 09:18:00.807002+00:00.",
      "action_flag": 1,
      "change_message": "[{\"added\": {}}]"
    }
  },
  {
    "model": "admin.logentry",
    "pk": 156,
    "fields": {
      "action_time": "2024-01-30T09:18:11.003Z",
      "user": 1,
      "content_type": 14,
      "object_id": "73",
      "object_repr": "Description: None. Uploaded at: 2024-01-30 09:18:10.994294+00:00.",
      "action_flag": 1,
      "change_message": "[{\"added\": {}}]"
    }
  },
  {
    "model": "admin.logentry",
    "pk": 157,
    "fields": {
      "action_time": "2024-01-30T09:18:12.962Z",
      "user": 1,
      "content_type": 13,
      "object_id": "21",
      "object_repr": "White T-Shirt White oversize",
      "action_flag": 1,
      "change_message": "[{\"added\": {}}, {\"added\": {\"name\": \"image-item relationship\", \"object\": \"Image_item object (89)\"}}, {\"added\": {\"name\": \"image-item relationship\", \"object\": \"Image_item object (90)\"}}, {\"added\": {\"name\": \"image-item relationship\", \"object\": \"Image_item object (91)\"}}, {\"added\": {\"name\": \"image-item relationship\", \"object\": \"Image_item object (92)\"}}]"
    }
  },
  {
    "model": "admin.logentry",
    "pk": 158,
    "fields": {
      "action_time": "2024-01-30T09:19:06.302Z",
      "user": 1,
      "content_type": 14,
      "object_id": "74",
      "object_repr": "Description: None. Uploaded at: 2024-01-30 09:19:06.293625+00:00.",
      "action_flag": 1,
      "change_message": "[{\"added\": {}}]"
    }
  },
  {
    "model": "admin.logentry",
    "pk": 159,
    "fields": {
      "action_time": "2024-01-30T09:19:18.614Z",
      "user": 1,
      "content_type": 14,
      "object_id": "75",
      "object_repr": "Description: None. Uploaded at: 2024-01-30 09:19:18.606105+00:00.",
      "action_flag": 1,
      "change_message": "[{\"added\": {}}]"
    }
  },
  {
    "model": "admin.logentry",
    "pk": 160,
    "fields": {
      "action_time": "2024-01-30T09:19:32.616Z",
      "user": 1,
      "content_type": 14,
      "object_id": "76",
      "object_repr": "Description: None. Uploaded at: 2024-01-30 09:19:32.597684+00:00.",
      "action_flag": 1,
      "change_message": "[{\"added\": {}}]"
    }
  },
  {
    "model": "admin.logentry",
    "pk": 161,
    "fields": {
      "action_time": "2024-01-30T09:19:41.449Z",
      "user": 1,
      "content_type": 14,
      "object_id": "77",
      "object_repr": "Description: None. Uploaded at: 2024-01-30 09:19:41.430677+00:00.",
      "action_flag": 1,
      "change_message": "[{\"added\": {}}]"
    }
  },
  {
    "model": "admin.logentry",
    "pk": 162,
    "fields": {
      "action_time": "2024-01-30T09:20:22.737Z",
      "user": 1,
      "content_type": 13,
      "object_id": "22",
      "object_repr": "Mokko T-Shirt Mokko oversize",
      "action_flag": 1,
      "change_message": "[{\"added\": {}}, {\"added\": {\"name\": \"image-item relationship\", \"object\": \"Image_item object (93)\"}}, {\"added\": {\"name\": \"image-item relationship\", \"object\": \"Image_item object (94)\"}}, {\"added\": {\"name\": \"image-item relationship\", \"object\": \"Image_item object (95)\"}}, {\"added\": {\"name\": \"image-item relationship\", \"object\": \"Image_item object (96)\"}}]"
    }
  },
  {
    "model": "admin.logentry",
    "pk": 163,
    "fields": {
      "action_time": "2024-01-30T09:21:20.850Z",
      "user": 1,
      "content_type": 14,
      "object_id": "78",
      "object_repr": "Description: None. Uploaded at: 2024-01-30 09:21:20.823153+00:00.",
      "action_flag": 1,
      "change_message": "[{\"added\": {}}]"
    }
  },
  {
    "model": "admin.logentry",
    "pk": 164,
    "fields": {
      "action_time": "2024-01-30T09:21:30.679Z",
      "user": 1,
      "content_type": 14,
      "object_id": "79",
      "object_repr": "Description: None. Uploaded at: 2024-01-30 09:21:30.655321+00:00.",
      "action_flag": 1,
      "change_message": "[{\"added\": {}}]"
    }
  },
  {
    "model": "admin.logentry",
    "pk": 165,
    "fields": {
      "action_time": "2024-01-30T09:21:38.159Z",
      "user": 1,
      "content_type": 14,
      "object_id": "80",
      "object_repr": "Description: None. Uploaded at: 2024-01-30 09:21:38.118934+00:00.",
      "action_flag": 1,
      "change_message": "[{\"added\": {}}]"
    }
  },
  {
    "model": "admin.logentry",
    "pk": 166,
    "fields": {
      "action_time": "2024-01-30T09:21:47.624Z",
      "user": 1,
      "content_type": 14,
      "object_id": "81",
      "object_repr": "Description: None. Uploaded at: 2024-01-30 09:21:47.592723+00:00.",
      "action_flag": 1,
      "change_message": "[{\"added\": {}}]"
    }
  },
  {
    "model": "admin.logentry",
    "pk": 167,
    "fields": {
      "action_time": "2024-01-30T09:21:55.053Z",
      "user": 1,
      "content_type": 14,
      "object_id": "82",
      "object_repr": "Description: None. Uploaded at: 2024-01-30 09:21:55.044686+00:00.",
      "action_flag": 1,
      "change_message": "[{\"added\": {}}]"
    }
  },
  {
    "model": "admin.logentry",
    "pk": 168,
    "fields": {
      "action_time": "2024-01-30T09:21:56.426Z",
      "user": 1,
      "content_type": 13,
      "object_id": "23",
      "object_repr": "Pistachio T-Shirt Pistachio oversize",
      "action_flag": 1,
      "change_message": "[{\"added\": {}}, {\"added\": {\"name\": \"image-item relationship\", \"object\": \"Image_item object (97)\"}}, {\"added\": {\"name\": \"image-item relationship\", \"object\": \"Image_item object (98)\"}}, {\"added\": {\"name\": \"image-item relationship\", \"object\": \"Image_item object (99)\"}}, {\"added\": {\"name\": \"image-item relationship\", \"object\": \"Image_item object (100)\"}}, {\"added\": {\"name\": \"image-item relationship\", \"object\": \"Image_item object (101)\"}}]"
    }
  },
  {
    "model": "auth.permission",
    "pk": 1,
    "fields": {
      "name": "Can add log entry",
      "content_type": 1,
      "codename": "add_logentry"
    }
  },
  {
    "model": "auth.permission",
    "pk": 2,
    "fields": {
      "name": "Can change log entry",
      "content_type": 1,
      "codename": "change_logentry"
    }
  },
  {
    "model": "auth.permission",
    "pk": 3,
    "fields": {
      "name": "Can delete log entry",
      "content_type": 1,
      "codename": "delete_logentry"
    }
  },
  {
    "model": "auth.permission",
    "pk": 4,
    "fields": {
      "name": "Can view log entry",
      "content_type": 1,
      "codename": "view_logentry"
    }
  },
  {
    "model": "auth.permission",
    "pk": 5,
    "fields": {
      "name": "Can add permission",
      "content_type": 2,
      "codename": "add_permission"
    }
  },
  {
    "model": "auth.permission",
    "pk": 6,
    "fields": {
      "name": "Can change permission",
      "content_type": 2,
      "codename": "change_permission"
    }
  },
  {
    "model": "auth.permission",
    "pk": 7,
    "fields": {
      "name": "Can delete permission",
      "content_type": 2,
      "codename": "delete_permission"
    }
  },
  {
    "model": "auth.permission",
    "pk": 8,
    "fields": {
      "name": "Can view permission",
      "content_type": 2,
      "codename": "view_permission"
    }
  },
  {
    "model": "auth.permission",
    "pk": 9,
    "fields": {
      "name": "Can add group",
      "content_type": 3,
      "codename": "add_group"
    }
  },
  {
    "model": "auth.permission",
    "pk": 10,
    "fields": {
      "name": "Can change group",
      "content_type": 3,
      "codename": "change_group"
    }
  },
  {
    "model": "auth.permission",
    "pk": 11,
    "fields": {
      "name": "Can delete group",
      "content_type": 3,
      "codename": "delete_group"
    }
  },
  {
    "model": "auth.permission",
    "pk": 12,
    "fields": {
      "name": "Can view group",
      "content_type": 3,
      "codename": "view_group"
    }
  },
  {
    "model": "auth.permission",
    "pk": 13,
    "fields": {
      "name": "Can add content type",
      "content_type": 4,
      "codename": "add_contenttype"
    }
  },
  {
    "model": "auth.permission",
    "pk": 14,
    "fields": {
      "name": "Can change content type",
      "content_type": 4,
      "codename": "change_contenttype"
    }
  },
  {
    "model": "auth.permission",
    "pk": 15,
    "fields": {
      "name": "Can delete content type",
      "content_type": 4,
      "codename": "delete_contenttype"
    }
  },
  {
    "model": "auth.permission",
    "pk": 16,
    "fields": {
      "name": "Can view content type",
      "content_type": 4,
      "codename": "view_contenttype"
    }
  },
  {
    "model": "auth.permission",
    "pk": 17,
    "fields": {
      "name": "Can add session",
      "content_type": 5,
      "codename": "add_session"
    }
  },
  {
    "model": "auth.permission",
    "pk": 18,
    "fields": {
      "name": "Can change session",
      "content_type": 5,
      "codename": "change_session"
    }
  },
  {
    "model": "auth.permission",
    "pk": 19,
    "fields": {
      "name": "Can delete session",
      "content_type": 5,
      "codename": "delete_session"
    }
  },
  {
    "model": "auth.permission",
    "pk": 20,
    "fields": {
      "name": "Can view session",
      "content_type": 5,
      "codename": "view_session"
    }
  },
  {
    "model": "auth.permission",
    "pk": 21,
    "fields": {
      "name": "Can add outstanding token",
      "content_type": 6,
      "codename": "add_outstandingtoken"
    }
  },
  {
    "model": "auth.permission",
    "pk": 22,
    "fields": {
      "name": "Can change outstanding token",
      "content_type": 6,
      "codename": "change_outstandingtoken"
    }
  },
  {
    "model": "auth.permission",
    "pk": 23,
    "fields": {
      "name": "Can delete outstanding token",
      "content_type": 6,
      "codename": "delete_outstandingtoken"
    }
  },
  {
    "model": "auth.permission",
    "pk": 24,
    "fields": {
      "name": "Can view outstanding token",
      "content_type": 6,
      "codename": "view_outstandingtoken"
    }
  },
  {
    "model": "auth.permission",
    "pk": 25,
    "fields": {
      "name": "Can add blacklisted token",
      "content_type": 7,
      "codename": "add_blacklistedtoken"
    }
  },
  {
    "model": "auth.permission",
    "pk": 26,
    "fields": {
      "name": "Can change blacklisted token",
      "content_type": 7,
      "codename": "change_blacklistedtoken"
    }
  },
  {
    "model": "auth.permission",
    "pk": 27,
    "fields": {
      "name": "Can delete blacklisted token",
      "content_type": 7,
      "codename": "delete_blacklistedtoken"
    }
  },
  {
    "model": "auth.permission",
    "pk": 28,
    "fields": {
      "name": "Can view blacklisted token",
      "content_type": 7,
      "codename": "view_blacklistedtoken"
    }
  },
  {
    "model": "auth.permission",
    "pk": 29,
    "fields": {
      "name": "Can add user",
      "content_type": 8,
      "codename": "add_user"
    }
  },
  {
    "model": "auth.permission",
    "pk": 30,
    "fields": {
      "name": "Can change user",
      "content_type": 8,
      "codename": "change_user"
    }
  },
  {
    "model": "auth.permission",
    "pk": 31,
    "fields": {
      "name": "Can delete user",
      "content_type": 8,
      "codename": "delete_user"
    }
  },
  {
    "model": "auth.permission",
    "pk": 32,
    "fields": {
      "name": "Can view user",
      "content_type": 8,
      "codename": "view_user"
    }
  },
  {
    "model": "auth.permission",
    "pk": 33,
    "fields": {
      "name": "Can add Category",
      "content_type": 9,
      "codename": "add_category"
    }
  },
  {
    "model": "auth.permission",
    "pk": 34,
    "fields": {
      "name": "Can change Category",
      "content_type": 9,
      "codename": "change_category"
    }
  },
  {
    "model": "auth.permission",
    "pk": 35,
    "fields": {
      "name": "Can delete Category",
      "content_type": 9,
      "codename": "delete_category"
    }
  },
  {
    "model": "auth.permission",
    "pk": 36,
    "fields": {
      "name": "Can view Category",
      "content_type": 9,
      "codename": "view_category"
    }
  },
  {
    "model": "auth.permission",
    "pk": 37,
    "fields": {
      "name": "Can add color",
      "content_type": 10,
      "codename": "add_color"
    }
  },
  {
    "model": "auth.permission",
    "pk": 38,
    "fields": {
      "name": "Can change color",
      "content_type": 10,
      "codename": "change_color"
    }
  },
  {
    "model": "auth.permission",
    "pk": 39,
    "fields": {
      "name": "Can delete color",
      "content_type": 10,
      "codename": "delete_color"
    }
  },
  {
    "model": "auth.permission",
    "pk": 40,
    "fields": {
      "name": "Can view color",
      "content_type": 10,
      "codename": "view_color"
    }
  },
  {
    "model": "auth.permission",
    "pk": 41,
    "fields": {
      "name": "Can add size",
      "content_type": 11,
      "codename": "add_size"
    }
  },
  {
    "model": "auth.permission",
    "pk": 42,
    "fields": {
      "name": "Can change size",
      "content_type": 11,
      "codename": "change_size"
    }
  },
  {
    "model": "auth.permission",
    "pk": 43,
    "fields": {
      "name": "Can delete size",
      "content_type": 11,
      "codename": "delete_size"
    }
  },
  {
    "model": "auth.permission",
    "pk": 44,
    "fields": {
      "name": "Can view size",
      "content_type": 11,
      "codename": "view_size"
    }
  },
  {
    "model": "auth.permission",
    "pk": 45,
    "fields": {
      "name": "Can add product",
      "content_type": 12,
      "codename": "add_product"
    }
  },
  {
    "model": "auth.permission",
    "pk": 46,
    "fields": {
      "name": "Can change product",
      "content_type": 12,
      "codename": "change_product"
    }
  },
  {
    "model": "auth.permission",
    "pk": 47,
    "fields": {
      "name": "Can delete product",
      "content_type": 12,
      "codename": "delete_product"
    }
  },
  {
    "model": "auth.permission",
    "pk": 48,
    "fields": {
      "name": "Can view product",
      "content_type": 12,
      "codename": "view_product"
    }
  },
  {
    "model": "auth.permission",
    "pk": 49,
    "fields": {
      "name": "Can add item",
      "content_type": 13,
      "codename": "add_item"
    }
  },
  {
    "model": "auth.permission",
    "pk": 50,
    "fields": {
      "name": "Can change item",
      "content_type": 13,
      "codename": "change_item"
    }
  },
  {
    "model": "auth.permission",
    "pk": 51,
    "fields": {
      "name": "Can delete item",
      "content_type": 13,
      "codename": "delete_item"
    }
  },
  {
    "model": "auth.permission",
    "pk": 52,
    "fields": {
      "name": "Can view item",
      "content_type": 13,
      "codename": "view_item"
    }
  },
  {
    "model": "auth.permission",
    "pk": 53,
    "fields": {
      "name": "Can add image",
      "content_type": 14,
      "codename": "add_image"
    }
  },
  {
    "model": "auth.permission",
    "pk": 54,
    "fields": {
      "name": "Can change image",
      "content_type": 14,
      "codename": "change_image"
    }
  },
  {
    "model": "auth.permission",
    "pk": 55,
    "fields": {
      "name": "Can delete image",
      "content_type": 14,
      "codename": "delete_image"
    }
  },
  {
    "model": "auth.permission",
    "pk": 56,
    "fields": {
      "name": "Can view image",
      "content_type": 14,
      "codename": "view_image"
    }
  },
  {
    "model": "auth.permission",
    "pk": 57,
    "fields": {
      "name": "Can add order",
      "content_type": 15,
      "codename": "add_order"
    }
  },
  {
    "model": "auth.permission",
    "pk": 58,
    "fields": {
      "name": "Can change order",
      "content_type": 15,
      "codename": "change_order"
    }
  },
  {
    "model": "auth.permission",
    "pk": 59,
    "fields": {
      "name": "Can delete order",
      "content_type": 15,
      "codename": "delete_order"
    }
  },
  {
    "model": "auth.permission",
    "pk": 60,
    "fields": {
      "name": "Can view order",
      "content_type": 15,
      "codename": "view_order"
    }
  },
  {
    "model": "auth.permission",
    "pk": 61,
    "fields": {
      "name": "Can add order item",
      "content_type": 16,
      "codename": "add_orderitem"
    }
  },
  {
    "model": "auth.permission",
    "pk": 62,
    "fields": {
      "name": "Can change order item",
      "content_type": 16,
      "codename": "change_orderitem"
    }
  },
  {
    "model": "auth.permission",
    "pk": 63,
    "fields": {
      "name": "Can delete order item",
      "content_type": 16,
      "codename": "delete_orderitem"
    }
  },
  {
    "model": "auth.permission",
    "pk": 64,
    "fields": {
      "name": "Can view order item",
      "content_type": 16,
      "codename": "view_orderitem"
    }
  },
  {
    "model": "auth.permission",
    "pk": 65,
    "fields": {
      "name": "Can add payment",
      "content_type": 17,
      "codename": "add_payment"
    }
  },
  {
    "model": "auth.permission",
    "pk": 66,
    "fields": {
      "name": "Can change payment",
      "content_type": 17,
      "codename": "change_payment"
    }
  },
  {
    "model": "auth.permission",
    "pk": 67,
    "fields": {
      "name": "Can delete payment",
      "content_type": 17,
      "codename": "delete_payment"
    }
  },
  {
    "model": "auth.permission",
    "pk": 68,
    "fields": {
      "name": "Can view payment",
      "content_type": 17,
      "codename": "view_payment"
    }
  },
  {
    "model": "contenttypes.contenttype",
    "pk": 1,
    "fields": {
      "app_label": "admin",
      "model": "logentry"
    }
  },
  {
    "model": "contenttypes.contenttype",
    "pk": 2,
    "fields": {
      "app_label": "auth",
      "model": "permission"
    }
  },
  {
    "model": "contenttypes.contenttype",
    "pk": 3,
    "fields": {
      "app_label": "auth",
      "model": "group"
    }
  },
  {
    "model": "contenttypes.contenttype",
    "pk": 4,
    "fields": {
      "app_label": "contenttypes",
      "model": "contenttype"
    }
  },
  {
    "model": "contenttypes.contenttype",
    "pk": 5,
    "fields": {
      "app_label": "sessions",
      "model": "session"
    }
  },
  {
    "model": "contenttypes.contenttype",
    "pk": 8,
    "fields": {
      "app_label": "user",
      "model": "user"
    }
  },
  {
    "model": "contenttypes.contenttype",
    "pk": 9,
    "fields": {
      "app_label": "products",
      "model": "category"
    }
  },
  {
    "model": "contenttypes.contenttype",
    "pk": 10,
    "fields": {
      "app_label": "products",
      "model": "color"
    }
  },
  {
    "model": "contenttypes.contenttype",
    "pk": 11,
    "fields": {
      "app_label": "products",
      "model": "size"
    }
  },
  {
    "model": "contenttypes.contenttype",
    "pk": 12,
    "fields": {
      "app_label": "products",
      "model": "product"
    }
  },
  {
    "model": "contenttypes.contenttype",
    "pk": 13,
    "fields": {
      "app_label": "products",
      "model": "item"
    }
  },
  {
    "model": "contenttypes.contenttype",
    "pk": 14,
    "fields": {
      "app_label": "products",
      "model": "image"
    }
  },
  {
    "model": "contenttypes.contenttype",
    "pk": 15,
    "fields": {
      "app_label": "orders",
      "model": "order"
    }
  },
  {
    "model": "contenttypes.contenttype",
    "pk": 16,
    "fields": {
      "app_label": "orders",
      "model": "orderitem"
    }
  },
  {
    "model": "contenttypes.contenttype",
    "pk": 17,
    "fields": {
      "app_label": "payments",
      "model": "payment"
    }
  },
  {
    "model": "user.user",
    "pk": 1,
    "fields": {
      "password": "pbkdf2_sha256$720000$xqr7tYvreuhVh1fBXkLkiZ$+Z8nO9c9JPXtRG36WZ5Bk8bytBDW7Hw/rdWuNZC8c08=",
      "last_login": "2024-01-26T09:14:22Z",
      "is_superuser": true,
      "is_staff": true,
      "is_active": true,
      "date_joined": "2024-01-26T09:13:59Z",
      "email": "admin@admin.com",
      "first_name": null,
      "last_name": null,
      "city": null,
      "nova_post_department": null,
      "phone_number": null,
      "groups": [],
      "user_permissions": [],
      "wishlist": [
        6
      ]
    }
  },
  {
    "model": "products.category",
    "pk": 1,
    "fields": {
      "name": "Hoodies",
      "description": "Category description..."
    }
  },
  {
    "model": "products.category",
    "pk": 2,
    "fields": {
      "name": "Coats",
      "description": "Category description..."
    }
  },
  {
    "model": "products.category",
    "pk": 3,
    "fields": {
      "name": "Crop Top And Shorts Sets",
      "description": "Category description..."
    }
  },
  {
    "model": "products.category",
    "pk": 4,
    "fields": {
      "name": "T-Shirts",
      "description": "Category description..."
    }
  },
  {
    "model": "products.color",
    "pk": 1,
    "fields": {
      "name": "White",
      "hex": ""
    }
  },
  {
    "model": "products.color",
    "pk": 2,
    "fields": {
      "name": "Gray",
      "hex": ""
    }
  },
  {
    "model": "products.color",
    "pk": 3,
    "fields": {
      "name": "Blue",
      "hex": ""
    }
  },
  {
    "model": "products.color",
    "pk": 4,
    "fields": {
      "name": "Beige",
      "hex": ""
    }
  },
  {
    "model": "products.color",
    "pk": 5,
    "fields": {
      "name": "Chocolate",
      "hex": ""
    }
  },
  {
    "model": "products.color",
    "pk": 6,
    "fields": {
      "name": "Black",
      "hex": ""
    }
  },
  {
    "model": "products.color",
    "pk": 7,
    "fields": {
      "name": "Pistachio",
      "hex": ""
    }
  },
  {
    "model": "products.color",
    "pk": 8,
    "fields": {
      "name": "Mokko",
      "hex": ""
    }
  },
  {
    "model": "products.color",
    "pk": 9,
    "fields": {
      "name": "Yellow",
      "hex": ""
    }
  },
  {
    "model": "products.color",
    "pk": 10,
    "fields": {
      "name": "Pink",
      "hex": ""
    }
  },
  {
    "model": "products.size",
    "pk": 1,
    "fields": {
      "tag": "hoddie size",
      "value": "oversize",
      "length": 72,
      "width": 70
    }
  },
  {
    "model": "products.size",
    "pk": 2,
    "fields": {
      "tag": "coat size",
      "value": "oversize",
      "length": 100,
      "width": 70
    }
  },
  {
    "model": "products.size",
    "pk": 3,
    "fields": {
      "tag": "crop top shorts size",
      "value": "s",
      "length": null,
      "width": null
    }
  },
  {
    "model": "products.size",
    "pk": 4,
    "fields": {
      "tag": "crop top shorts size",
      "value": "m",
      "length": null,
      "width": null
    }
  },
  {
    "model": "products.size",
    "pk": 5,
    "fields": {
      "tag": "t-shirt size",
      "value": "oversize",
      "length": null,
      "width": null
    }
  },
  {
    "model": "products.item",
    "pk": 6,
    "fields": {
      "name": "Coat",
      "category": 2,
      "fabric": "Italian wool",
      "description": "",
      "date_added": "2024-01-29T13:07:51.687Z",
      "color": 6,
      "size": 2,
      "slug": "coat-black-oversize",
      "stock": 7,
      "price": "9000.00",
      "stripe_product_id": "price_1OeGXuF3PkC8kkFzZPXhiQSG",
      "related_items": []
    }
  },
  {
    "model": "products.item",
    "pk": 7,
    "fields": {
      "name": "Pink Crop Top and Shorts Set",
      "category": 3,
      "fabric": "Jersey footer",
      "description": "",
      "date_added": "2024-01-29T13:42:09.701Z",
      "color": 10,
      "size": 3,
      "slug": "pink-crop-top-and-shorts-set-pink-s",
      "stock": 13,
      "price": "1500.00",
      "stripe_product_id": "price_1Of0nTF3PkC8kkFzyvI1c6El",
      "related_items": [
        8,
        9,
        10,
        11,
        12
      ]
    }
  },
  {
    "model": "products.item",
    "pk": 8,
    "fields": {
      "name": "Pink Crop Top and Shorts Set",
      "category": 3,
      "fabric": "Jersey footer",
      "description": "",
      "date_added": "2024-01-29T13:43:24.919Z",
      "color": 10,
      "size": 4,
      "slug": "pink-crop-top-and-shorts-set-pink-m",
      "stock": 15,
      "price": "1500.00",
      "stripe_product_id": "price_1Of0moF3PkC8kkFzjsxTcjHb",
      "related_items": [
        7,
        9,
        10,
        11,
        12
      ]
    }
  },
  {
    "model": "products.item",
    "pk": 9,
    "fields": {
      "name": "Beige Crop Top and Shorts Set",
      "category": 3,
      "fabric": "Jersey footer",
      "description": "",
      "date_added": "2024-01-29T13:48:00.681Z",
      "color": 4,
      "size": 3,
      "slug": "beige-crop-top-and-shorts-set-beige-s",
      "stock": 13,
      "price": "1500.00",
      "stripe_product_id": "price_1Of0l0F3PkC8kkFzQ2oroZCc",
      "related_items": [
        7,
        8,
        10,
        11,
        12
      ]
    }
  },
  {
    "model": "products.item",
    "pk": 10,
    "fields": {
      "name": "Beige Crop Top and Shorts Set",
      "category": 3,
      "fabric": "Jersey footer",
      "description": "",
      "date_added": "2024-01-29T13:48:40.299Z",
      "color": 4,
      "size": 4,
      "slug": "beige-crop-top-and-shorts-set-beige-m",
      "stock": 15,
      "price": "1500.00",
      "stripe_product_id": "price_1Of0jMF3PkC8kkFz344ol9dq",
      "related_items": [
        7,
        8,
        9,
        11,
        12
      ]
    }
  },
  {
    "model": "products.item",
    "pk": 11,
    "fields": {
      "name": "Pistachio Crop Top and Shorts Set",
      "category": 3,
      "fabric": "Jersey footer",
      "description": "",
      "date_added": "2024-01-29T13:52:56.774Z",
      "color": 7,
      "size": 3,
      "slug": "pistachio-crop-top-and-shorts-set-pistachio-s",
      "stock": 13,
      "price": "1500.00",
      "stripe_product_id": "price_1Of0hZF3PkC8kkFzeZ0HiIcR",
      "related_items": [
        7,
        8,
        9,
        10,
        12
      ]
    }
  },
  {
    "model": "products.item",
    "pk": 12,
    "fields": {
      "name": "Pistachio Crop Top and Shorts Set",
      "category": 3,
      "fabric": "Jersey footer",
      "description": "",
      "date_added": "2024-01-29T13:53:35.887Z",
      "color": 7,
      "size": 4,
      "slug": "pistachio-crop-top-and-shorts-set-pistachio-m",
      "stock": 15,
      "price": "1500.00",
      "stripe_product_id": "price_1Of0gJF3PkC8kkFzUjyG4UQ3",
      "related_items": [
        7,
        8,
        9,
        10,
        11
      ]
    }
  },
  {
    "model": "products.item",
    "pk": 13,
    "fields": {
      "name": "Blue Hoodie",
      "category": 1,
      "fabric": "Jersey footer with fleece",
      "description": "",
      "date_added": "2024-01-29T13:59:29.987Z",
      "color": 3,
      "size": 1,
      "slug": "blue-hoodie-blue-oversize",
      "stock": 12,
      "price": "3300.00",
      "stripe_product_id": "price_1OeHLpF3PkC8kkFzcFUvH4m6",
      "related_items": [
        14,
        15,
        16
      ]
    }
  },
  {
    "model": "products.item",
    "pk": 14,
    "fields": {
      "name": "White Hoodie",
      "category": 1,
      "fabric": "Jersey footer with fleece",
      "description": "",
      "date_added": "2024-01-29T14:04:02.387Z",
      "color": 1,
      "size": 1,
      "slug": "white-hoodie-white-oversize",
      "stock": 15,
      "price": "3300.00",
      "stripe_product_id": "price_1Of0aSF3PkC8kkFzoYB443c2",
      "related_items": [
        15,
        16,
        13
      ]
    }
  },
  {
    "model": "products.item",
    "pk": 15,
    "fields": {
      "name": "Beige Hoodie",
      "category": 1,
      "fabric": "Jersey footer with fleece",
      "description": "",
      "date_added": "2024-01-29T14:06:46.068Z",
      "color": 4,
      "size": 1,
      "slug": "beige-hoodie-beige-oversize",
      "stock": 13,
      "price": "3300.00",
      "stripe_product_id": "price_1Of0YGF3PkC8kkFzGBqjQOKp",
      "related_items": [
        14,
        16,
        13
      ]
    }
  },
  {
    "model": "products.item",
    "pk": 16,
    "fields": {
      "name": "Chocolate Hoodie",
      "category": 1,
      "fabric": "Jersey footer with fleece",
      "description": "",
      "date_added": "2024-01-29T14:08:46.571Z",
      "color": 5,
      "size": 1,
      "slug": "chocolate-hoodie-chocolate-oversize",
      "stock": 13,
      "price": "3300.00",
      "stripe_product_id": "price_1Of0VcF3PkC8kkFzHOfPWCg2",
      "related_items": [
        14,
        15,
        13
      ]
    }
  },
  {
    "model": "products.item",
    "pk": 17,
    "fields": {
      "name": "Yellow T-Shirt",
      "category": 4,
      "fabric": "Jersey footer",
      "description": "",
      "date_added": "2024-01-30T09:09:30.720Z",
      "color": 9,
      "size": 5,
      "slug": "yellow-t-shirt-yellow-oversize",
      "stock": 13,
      "price": "2000.00",
      "stripe_product_id": "price_1Of0SwF3PkC8kkFzwk6h69r6",
      "related_items": [
        18,
        19,
        20,
        21,
        22,
        23
      ]
    }
  },
  {
    "model": "products.item",
    "pk": 18,
    "fields": {
      "name": "Beige T-Shirt",
      "category": 4,
      "fabric": "Jersey footer",
      "description": "",
      "date_added": "2024-01-30T09:12:54.246Z",
      "color": 4,
      "size": 5,
      "slug": "beige-t-shirt-beige-oversize",
      "stock": 13,
      "price": "2000.00",
      "stripe_product_id": "price_1Of0RXF3PkC8kkFzOrkh7Qy8",
      "related_items": [
        17,
        19,
        20,
        21,
        22,
        23
      ]
    }
  },
  {
    "model": "products.item",
    "pk": 19,
    "fields": {
      "name": "Gray T-Shirt",
      "category": 4,
      "fabric": "Jersey footer",
      "description": "",
      "date_added": "2024-01-30T09:14:05.526Z",
      "color": 2,
      "size": 5,
      "slug": "gray-t-shirt-gray-oversize",
      "stock": 13,
      "price": "2000.00",
      "stripe_product_id": "price_1Of0QSF3PkC8kkFzvwZ9GG42",
      "related_items": [
        17,
        18,
        20,
        21,
        22,
        23
      ]
    }
  },
  {
    "model": "products.item",
    "pk": 20,
    "fields": {
      "name": "Black T-Shirt",
      "category": 4,
      "fabric": "Jersey footer",
      "description": "",
      "date_added": "2024-01-30T09:16:35.369Z",
      "color": 6,
      "size": 5,
      "slug": "black-t-shirt-black-oversize",
      "stock": 13,
      "price": "2000.00",
      "stripe_product_id": "price_1Of0PRF3PkC8kkFz7cBoEQh6",
      "related_items": [
        17,
        18,
        19,
        21,
        22,
        23
      ]
    }
  },
  {
    "model": "products.item",
    "pk": 21,
    "fields": {
      "name": "White T-Shirt",
      "category": 4,
      "fabric": "Jersey footer",
      "description": "",
      "date_added": "2024-01-30T09:18:12.942Z",
      "color": 1,
      "size": 5,
      "slug": "white-t-shirt-white-oversize",
      "stock": 13,
      "price": "2000.00",
      "stripe_product_id": "price_1Of0KVF3PkC8kkFzg4yvAyo8",
      "related_items": [
        17,
        18,
        19,
        20,
        22,
        23
      ]
    }
  },
  {
    "model": "products.item",
    "pk": 22,
    "fields": {
      "name": "Mokko T-Shirt",
      "category": 4,
      "fabric": "Jersey footer",
      "description": "",
      "date_added": "2024-01-30T09:20:22.716Z",
      "color": 8,
      "size": 5,
      "slug": "mokko-t-shirt-mokko-oversize",
      "stock": 13,
      "price": "2000.00",
      "stripe_product_id": "price_1Of0JNF3PkC8kkFzjao9WxeY",
      "related_items": [
        17,
        18,
        19,
        20,
        21,
        23
      ]
    }
  },
  {
    "model": "products.item",
    "pk": 23,
    "fields": {
      "name": "Pistachio T-Shirt",
      "category": 4,
      "fabric": "Jersey footer",
      "description": "",
      "date_added": "2024-01-30T09:21:56.405Z",
      "color": 7,
      "size": 5,
      "slug": "pistachio-t-shirt-pistachio-oversize",
      "stock": 13,
      "price": "2000.00",
      "stripe_product_id": "price_1Of0I8F3PkC8kkFzHNf1eQ7V",
      "related_items": [
        17,
        18,
        19,
        20,
        21,
        22
      ]
    }
  },
  {
    "model": "products.image",
    "pk": 5,
    "fields": {
      "image": "images/0G5A4181.jpg",
      "uploaded_at": "2024-01-29T13:06:23.799Z",
      "description": null,
      "item": [
        6
      ]
    }
  },
  {
    "model": "products.image",
    "pk": 6,
    "fields": {
      "image": "images/0G5A4179.jpg",
      "uploaded_at": "2024-01-29T13:06:43.261Z",
      "description": null,
      "item": [
        6
      ]
    }
  },
  {
    "model": "products.image",
    "pk": 7,
    "fields": {
      "image": "images/0G5A4147.jpg",
      "uploaded_at": "2024-01-29T13:07:03.247Z",
      "description": null,
      "item": [
        6
      ]
    }
  },
  {
    "model": "products.image",
    "pk": 8,
    "fields": {
      "image": "images/0G5A4072_XTS1XCh.jpg",
      "uploaded_at": "2024-01-29T13:07:18.258Z",
      "description": null,
      "item": [
        6
      ]
    }
  },
  {
    "model": "products.image",
    "pk": 9,
    "fields": {
      "image": "images/0G5A4073_bnfVn4n.jpg",
      "uploaded_at": "2024-01-29T13:07:28.442Z",
      "description": null,
      "item": [
        6
      ]
    }
  },
  {
    "model": "products.image",
    "pk": 10,
    "fields": {
      "image": "images/0G5A4075.jpg",
      "uploaded_at": "2024-01-29T13:07:38.353Z",
      "description": null,
      "item": [
        6
      ]
    }
  },
  {
    "model": "products.image",
    "pk": 11,
    "fields": {
      "image": "images/0G5A4259.jpg",
      "uploaded_at": "2024-01-29T13:07:48.262Z",
      "description": null,
      "item": [
        6
      ]
    }
  },
  {
    "model": "products.image",
    "pk": 12,
    "fields": {
      "image": "images/YO4D2R99.jpg",
      "uploaded_at": "2024-01-29T13:40:42.379Z",
      "description": null,
      "item": [
        7,
        8
      ]
    }
  },
  {
    "model": "products.image",
    "pk": 13,
    "fields": {
      "image": "images/AWQXUF4C.jpg",
      "uploaded_at": "2024-01-29T13:40:59.850Z",
      "description": null,
      "item": [
        7,
        8
      ]
    }
  },
  {
    "model": "products.image",
    "pk": 14,
    "fields": {
      "image": "images/RVCNCSMF.jpg",
      "uploaded_at": "2024-01-29T13:41:11.594Z",
      "description": null,
      "item": [
        7,
        8
      ]
    }
  },
  {
    "model": "products.image",
    "pk": 15,
    "fields": {
      "image": "images/Y3NJLOC6.jpg",
      "uploaded_at": "2024-01-29T13:41:23.066Z",
      "description": null,
      "item": [
        7,
        8
      ]
    }
  },
  {
    "model": "products.image",
    "pk": 16,
    "fields": {
      "image": "images/2YE82T88.jpg",
      "uploaded_at": "2024-01-29T13:41:43.921Z",
      "description": null,
      "item": [
        7,
        8
      ]
    }
  },
  {
    "model": "products.image",
    "pk": 17,
    "fields": {
      "image": "images/C23CGSFZ.jpg",
      "uploaded_at": "2024-01-29T13:41:58.039Z",
      "description": null,
      "item": [
        7,
        8
      ]
    }
  },
  {
    "model": "products.image",
    "pk": 18,
    "fields": {
      "image": "images/3S9Z4EHZ.jpg",
      "uploaded_at": "2024-01-29T13:42:06.730Z",
      "description": null,
      "item": [
        7,
        8
      ]
    }
  },
  {
    "model": "products.image",
    "pk": 19,
    "fields": {
      "image": "images/O7G57S0I.jpg",
      "uploaded_at": "2024-01-29T13:46:47.284Z",
      "description": null,
      "item": [
        9,
        10
      ]
    }
  },
  {
    "model": "products.image",
    "pk": 20,
    "fields": {
      "image": "images/878DOKY6.jpg",
      "uploaded_at": "2024-01-29T13:46:58.691Z",
      "description": null,
      "item": [
        9,
        10
      ]
    }
  },
  {
    "model": "products.image",
    "pk": 21,
    "fields": {
      "image": "images/W0YX5JD0.jpg",
      "uploaded_at": "2024-01-29T13:47:15.346Z",
      "description": null,
      "item": [
        9,
        10
      ]
    }
  },
  {
    "model": "products.image",
    "pk": 22,
    "fields": {
      "image": "images/XW6V2WPR.jpg",
      "uploaded_at": "2024-01-29T13:47:28.485Z",
      "description": null,
      "item": [
        9,
        10
      ]
    }
  },
  {
    "model": "products.image",
    "pk": 23,
    "fields": {
      "image": "images/3I0X4B0O.jpg",
      "uploaded_at": "2024-01-29T13:47:43.820Z",
      "description": null,
      "item": [
        9,
        10
      ]
    }
  },
  {
    "model": "products.image",
    "pk": 24,
    "fields": {
      "image": "images/HRVJFGQ3.jpg",
      "uploaded_at": "2024-01-29T13:47:58.740Z",
      "description": null,
      "item": [
        9,
        10
      ]
    }
  },
  {
    "model": "products.image",
    "pk": 25,
    "fields": {
      "image": "images/F7HY816M.jpg",
      "uploaded_at": "2024-01-29T13:51:55.708Z",
      "description": null,
      "item": [
        11,
        12
      ]
    }
  },
  {
    "model": "products.image",
    "pk": 26,
    "fields": {
      "image": "images/NJILB6EI.jpg",
      "uploaded_at": "2024-01-29T13:52:06.416Z",
      "description": null,
      "item": [
        11,
        12
      ]
    }
  },
  {
    "model": "products.image",
    "pk": 27,
    "fields": {
      "image": "images/SJAMS5B6.jpg",
      "uploaded_at": "2024-01-29T13:52:19.100Z",
      "description": null,
      "item": [
        11,
        12
      ]
    }
  },
  {
    "model": "products.image",
    "pk": 28,
    "fields": {
      "image": "images/UPS49M7M.jpg",
      "uploaded_at": "2024-01-29T13:52:35.996Z",
      "description": null,
      "item": [
        11,
        12
      ]
    }
  },
  {
    "model": "products.image",
    "pk": 29,
    "fields": {
      "image": "images/HRVJFGQ3_MgmmqLa.jpg",
      "uploaded_at": "2024-01-29T13:52:45.123Z",
      "description": null,
      "item": [
        11,
        12
      ]
    }
  },
  {
    "model": "products.image",
    "pk": 30,
    "fields": {
      "image": "images/KBESLYJB.jpg",
      "uploaded_at": "2024-01-29T13:52:54.326Z",
      "description": null,
      "item": [
        11,
        12
      ]
    }
  },
  {
    "model": "products.image",
    "pk": 31,
    "fields": {
      "image": "images/0G5A3677.jpg",
      "uploaded_at": "2024-01-29T13:57:55.980Z",
      "description": null,
      "item": [
        13
      ]
    }
  },
  {
    "model": "products.image",
    "pk": 32,
    "fields": {
      "image": "images/0G5A3724.jpg",
      "uploaded_at": "2024-01-29T13:58:09.677Z",
      "description": null,
      "item": [
        13
      ]
    }
  },
  {
    "model": "products.image",
    "pk": 33,
    "fields": {
      "image": "images/0G5A3883.jpg",
      "uploaded_at": "2024-01-29T13:58:28.758Z",
      "description": null,
      "item": [
        13
      ]
    }
  },
  {
    "model": "products.image",
    "pk": 34,
    "fields": {
      "image": "images/0G5A3855.jpg",
      "uploaded_at": "2024-01-29T13:58:41.520Z",
      "description": null,
      "item": [
        13
      ]
    }
  },
  {
    "model": "products.image",
    "pk": 35,
    "fields": {
      "image": "images/0G5A3820.jpg",
      "uploaded_at": "2024-01-29T13:58:52.438Z",
      "description": null,
      "item": [
        13
      ]
    }
  },
  {
    "model": "products.image",
    "pk": 36,
    "fields": {
      "image": "images/0G5A3844.jpg",
      "uploaded_at": "2024-01-29T13:59:09.629Z",
      "description": null,
      "item": [
        13
      ]
    }
  },
  {
    "model": "products.image",
    "pk": 37,
    "fields": {
      "image": "images/0G5A4247.jpg",
      "uploaded_at": "2024-01-29T13:59:28.504Z",
      "description": null,
      "item": [
        13
      ]
    }
  },
  {
    "model": "products.image",
    "pk": 38,
    "fields": {
      "image": "images/0G5A3461_f4mAmrp.jpg",
      "uploaded_at": "2024-01-29T14:00:28.952Z",
      "description": null,
      "item": [
        14
      ]
    }
  },
  {
    "model": "products.image",
    "pk": 39,
    "fields": {
      "image": "images/0G5A3450_hZ9yoZf.jpg",
      "uploaded_at": "2024-01-29T14:00:36.543Z",
      "description": null,
      "item": [
        14
      ]
    }
  },
  {
    "model": "products.image",
    "pk": 40,
    "fields": {
      "image": "images/0G5A3487_ImvWAfI.jpg",
      "uploaded_at": "2024-01-29T14:00:44.597Z",
      "description": null,
      "item": [
        14
      ]
    }
  },
  {
    "model": "products.image",
    "pk": 41,
    "fields": {
      "image": "images/0G5A3596.jpg",
      "uploaded_at": "2024-01-29T14:01:12.813Z",
      "description": null,
      "item": [
        14
      ]
    }
  },
  {
    "model": "products.image",
    "pk": 42,
    "fields": {
      "image": "images/0G5A3500.jpg",
      "uploaded_at": "2024-01-29T14:01:21.355Z",
      "description": null,
      "item": [
        14
      ]
    }
  },
  {
    "model": "products.image",
    "pk": 43,
    "fields": {
      "image": "images/0G5A3587.jpg",
      "uploaded_at": "2024-01-29T14:03:29.151Z",
      "description": null,
      "item": [
        14
      ]
    }
  },
  {
    "model": "products.image",
    "pk": 44,
    "fields": {
      "image": "images/0G5A3922.jpg",
      "uploaded_at": "2024-01-29T14:03:56.259Z",
      "description": null,
      "item": [
        14
      ]
    }
  },
  {
    "model": "products.image",
    "pk": 45,
    "fields": {
      "image": "images/0G5A3425_UQBzQOV.jpg",
      "uploaded_at": "2024-01-29T14:05:40.471Z",
      "description": null,
      "item": [
        15
      ]
    }
  },
  {
    "model": "products.image",
    "pk": 46,
    "fields": {
      "image": "images/0G5A3432_vUdYbn4.jpg",
      "uploaded_at": "2024-01-29T14:06:06.516Z",
      "description": null,
      "item": [
        15
      ]
    }
  },
  {
    "model": "products.image",
    "pk": 47,
    "fields": {
      "image": "images/0G5A3427_4pAU9qJ.jpg",
      "uploaded_at": "2024-01-29T14:06:14.009Z",
      "description": null,
      "item": [
        15
      ]
    }
  },
  {
    "model": "products.image",
    "pk": 48,
    "fields": {
      "image": "images/0G5A3646.jpg",
      "uploaded_at": "2024-01-29T14:06:25.972Z",
      "description": null,
      "item": [
        15
      ]
    }
  },
  {
    "model": "products.image",
    "pk": 49,
    "fields": {
      "image": "images/0G5A3633.jpg",
      "uploaded_at": "2024-01-29T14:06:33.425Z",
      "description": null,
      "item": [
        15
      ]
    }
  },
  {
    "model": "products.image",
    "pk": 50,
    "fields": {
      "image": "images/0G5A3535.jpg",
      "uploaded_at": "2024-01-29T14:06:40.463Z",
      "description": null,
      "item": [
        15
      ]
    }
  },
  {
    "model": "products.image",
    "pk": 51,
    "fields": {
      "image": "images/0G5A4078.jpg",
      "uploaded_at": "2024-01-29T14:07:48.453Z",
      "description": null,
      "item": [
        16
      ]
    }
  },
  {
    "model": "products.image",
    "pk": 52,
    "fields": {
      "image": "images/0G5A4128.jpg",
      "uploaded_at": "2024-01-29T14:08:00.955Z",
      "description": null,
      "item": [
        16
      ]
    }
  },
  {
    "model": "products.image",
    "pk": 53,
    "fields": {
      "image": "images/0G5A4097.jpg",
      "uploaded_at": "2024-01-29T14:08:10.604Z",
      "description": null,
      "item": [
        16
      ]
    }
  },
  {
    "model": "products.image",
    "pk": 54,
    "fields": {
      "image": "images/0G5A4094.jpg",
      "uploaded_at": "2024-01-29T14:08:20.492Z",
      "description": null,
      "item": [
        16
      ]
    }
  },
  {
    "model": "products.image",
    "pk": 55,
    "fields": {
      "image": "images/0G5A4102.jpg",
      "uploaded_at": "2024-01-29T14:08:29.451Z",
      "description": null,
      "item": [
        16
      ]
    }
  },
  {
    "model": "products.image",
    "pk": 56,
    "fields": {
      "image": "images/0G5A3917.jpg",
      "uploaded_at": "2024-01-29T14:08:44.528Z",
      "description": null,
      "item": [
        16
      ]
    }
  },
  {
    "model": "products.image",
    "pk": 57,
    "fields": {
      "image": "images/126OY393.jpg",
      "uploaded_at": "2024-01-30T09:08:52.850Z",
      "description": null,
      "item": [
        17
      ]
    }
  },
  {
    "model": "products.image",
    "pk": 58,
    "fields": {
      "image": "images/JL2493AV.jpg",
      "uploaded_at": "2024-01-30T09:09:02.849Z",
      "description": null,
      "item": [
        17
      ]
    }
  },
  {
    "model": "products.image",
    "pk": 59,
    "fields": {
      "image": "images/I3HX3EI9.jpg",
      "uploaded_at": "2024-01-30T09:09:11.834Z",
      "description": null,
      "item": [
        17
      ]
    }
  },
  {
    "model": "products.image",
    "pk": 60,
    "fields": {
      "image": "images/1KO8IVP7.jpg",
      "uploaded_at": "2024-01-30T09:09:27.945Z",
      "description": null,
      "item": [
        17
      ]
    }
  },
  {
    "model": "products.image",
    "pk": 61,
    "fields": {
      "image": "images/G8V85MEW.jpg",
      "uploaded_at": "2024-01-30T09:12:37.931Z",
      "description": null,
      "item": [
        18
      ]
    }
  },
  {
    "model": "products.image",
    "pk": 62,
    "fields": {
      "image": "images/5Q009NY8.jpg",
      "uploaded_at": "2024-01-30T09:12:45.332Z",
      "description": null,
      "item": [
        18
      ]
    }
  },
  {
    "model": "products.image",
    "pk": 63,
    "fields": {
      "image": "images/XUQZGO6G.jpg",
      "uploaded_at": "2024-01-30T09:12:52.173Z",
      "description": null,
      "item": [
        18
      ]
    }
  },
  {
    "model": "products.image",
    "pk": 64,
    "fields": {
      "image": "images/D5FZ61VX.jpg",
      "uploaded_at": "2024-01-30T09:13:55.875Z",
      "description": null,
      "item": [
        19
      ]
    }
  },
  {
    "model": "products.image",
    "pk": 65,
    "fields": {
      "image": "images/7WI25LGM.jpg",
      "uploaded_at": "2024-01-30T09:14:04.085Z",
      "description": null,
      "item": [
        19
      ]
    }
  },
  {
    "model": "products.image",
    "pk": 66,
    "fields": {
      "image": "images/82IY71YJ.jpg",
      "uploaded_at": "2024-01-30T09:15:52.908Z",
      "description": null,
      "item": [
        20
      ]
    }
  },
  {
    "model": "products.image",
    "pk": 67,
    "fields": {
      "image": "images/1DJ1KD77.jpg",
      "uploaded_at": "2024-01-30T09:16:00.994Z",
      "description": null,
      "item": [
        20
      ]
    }
  },
  {
    "model": "products.image",
    "pk": 68,
    "fields": {
      "image": "images/PPH1J84B.jpg",
      "uploaded_at": "2024-01-30T09:16:25.583Z",
      "description": null,
      "item": [
        20
      ]
    }
  },
  {
    "model": "products.image",
    "pk": 69,
    "fields": {
      "image": "images/Y5K3SEMQ.jpg",
      "uploaded_at": "2024-01-30T09:16:33.672Z",
      "description": null,
      "item": [
        20
      ]
    }
  },
  {
    "model": "products.image",
    "pk": 70,
    "fields": {
      "image": "images/OW90ZLKP.jpg",
      "uploaded_at": "2024-01-30T09:17:22.185Z",
      "description": null,
      "item": [
        21
      ]
    }
  },
  {
    "model": "products.image",
    "pk": 71,
    "fields": {
      "image": "images/JGQ2MPOW.jpg",
      "uploaded_at": "2024-01-30T09:17:38.331Z",
      "description": null,
      "item": [
        21
      ]
    }
  },
  {
    "model": "products.image",
    "pk": 72,
    "fields": {
      "image": "images/TZUXN834.jpg",
      "uploaded_at": "2024-01-30T09:18:00.807Z",
      "description": null,
      "item": [
        21
      ]
    }
  },
  {
    "model": "products.image",
    "pk": 73,
    "fields": {
      "image": "images/1KO8IVP7_nJlQad7.jpg",
      "uploaded_at": "2024-01-30T09:18:10.994Z",
      "description": null,
      "item": [
        21
      ]
    }
  },
  {
    "model": "products.image",
    "pk": 74,
    "fields": {
      "image": "images/WFP2EQ8Y.jpg",
      "uploaded_at": "2024-01-30T09:19:06.293Z",
      "description": null,
      "item": [
        22
      ]
    }
  },
  {
    "model": "products.image",
    "pk": 75,
    "fields": {
      "image": "images/U0UESDK8.jpg",
      "uploaded_at": "2024-01-30T09:19:18.606Z",
      "description": null,
      "item": [
        22
      ]
    }
  },
  {
    "model": "products.image",
    "pk": 76,
    "fields": {
      "image": "images/GSB780BZ.jpg",
      "uploaded_at": "2024-01-30T09:19:32.597Z",
      "description": null,
      "item": [
        22
      ]
    }
  },
  {
    "model": "products.image",
    "pk": 77,
    "fields": {
      "image": "images/UNL18BZJ.jpg",
      "uploaded_at": "2024-01-30T09:19:41.430Z",
      "description": null,
      "item": [
        22
      ]
    }
  },
  {
    "model": "products.image",
    "pk": 78,
    "fields": {
      "image": "images/IQJJX9IO.jpg",
      "uploaded_at": "2024-01-30T09:21:20.823Z",
      "description": null,
      "item": [
        23
      ]
    }
  },
  {
    "model": "products.image",
    "pk": 79,
    "fields": {
      "image": "images/J7S09FMM.jpg",
      "uploaded_at": "2024-01-30T09:21:30.655Z",
      "description": null,
      "item": [
        23
      ]
    }
  },
  {
    "model": "products.image",
    "pk": 80,
    "fields": {
      "image": "images/PO60BAU7.jpg",
      "uploaded_at": "2024-01-30T09:21:38.118Z",
      "description": null,
      "item": [
        23
      ]
    }
  },
  {
    "model": "products.image",
    "pk": 81,
    "fields": {
      "image": "images/XZT6B1Z3.jpg",
      "uploaded_at": "2024-01-30T09:21:47.592Z",
      "description": null,
      "item": [
        23
      ]
    }
  },
  {
    "model": "products.image",
    "pk": 82,
    "fields": {
      "image": "images/KEMC2FX7.jpg",
      "uploaded_at": "2024-01-30T09:21:55.044Z",
      "description": null,
      "item": [
        23
      ]
    }
  }
]